,Tweet,len,metrics,source
0,Check out Spiderman Canvas Wall Art Triple Pack. Crisis on Campus. Wham. Zap!  https://t.co/JzOe4wr3QK via @eBay,112,"{'retweet_count': 1, 'reply_count': 0, 'like_count': 0, 'quote_count': 0}",Twitter Web App
1,Let‚Äôs roll #Spiderman #ps5 #SpiderManPS5 https://t.co/xoLHou3CJj,64,"{'retweet_count': 0, 'reply_count': 1, 'like_count': 4, 'quote_count': 1}",Twitter for iPhone
2,@kenjirou_enbot one time I went to Spiderman's house and saw Kenneth breakdance. Can you believe that?,102,"{'retweet_count': 0, 'reply_count': 1, 'like_count': 0, 'quote_count': 0}","Cheap Bots, Done Quick!"
3,"@Vvgeta__ @spiderman_game 

Wait",32,"{'retweet_count': 0, 'reply_count': 0, 'like_count': 0, 'quote_count': 0}",Twitter Web App
4,"Miles Morales and the City that Never Sleeps. This Spider-Man just sticks with you.

#Spiderman
#Marvel
https://t.co/cUjanvEips",127,"{'retweet_count': 0, 'reply_count': 0, 'like_count': 0, 'quote_count': 0}",Streamlabs Twitter
5,"@DannyFigzz Na no games atm, I still got original Spiderman to play. I'll probably get Ratchet and Clank for the girls.",119,"{'retweet_count': 0, 'reply_count': 0, 'like_count': 1, 'quote_count': 0}",Twitter for Android
6,another ss so cool #spiderman https://t.co/cNfM1yqUHZ,53,"{'retweet_count': 0, 'reply_count': 0, 'like_count': 1, 'quote_count': 0}",PlayStation¬ÆNetwork
7,@ChristineBohan spiderman Tom Holland?,38,"{'retweet_count': 0, 'reply_count': 1, 'like_count': 0, 'quote_count': 0}",Twitter Web App
8,"I‚Äôm really in the mood for playing 2K, Spiderman, Cold War, and completing GTA V again but college comes first... üòï",115,"{'retweet_count': 0, 'reply_count': 1, 'like_count': 0, 'quote_count': 0}",Twitter for iPhone
9,@rodopodprivate Spiderman,25,"{'retweet_count': 0, 'reply_count': 0, 'like_count': 0, 'quote_count': 0}",Twitter for iPhone
10,@elchiringuitotv @PlayStationES Spiderman  #RegalaPlayStation  de 9 @elchiringuitotv @PlayStationES,99,"{'retweet_count': 0, 'reply_count': 0, 'like_count': 0, 'quote_count': 0}",Twitter for iPhone
11,I wonder if any future Spiderman movie is ever going to come close to topping this one https://t.co/RIU0bi2irh,110,"{'retweet_count': 1, 'reply_count': 0, 'like_count': 1, 'quote_count': 0}",Twitter for Android
12,@_sombreinternet @revengexstore #RevengexRegaleMoi yes yes Spiderman: Miles morales,83,"{'retweet_count': 0, 'reply_count': 0, 'like_count': 0, 'quote_count': 0}",Twitter for Android
13,"also last night, the 3 year old was running around with a big spiderman stuffed toy and when he threw it on the floor my other cousin put spiderman at the table then the 3 year came back, snatched spiderman and said ""oh no no, spiderman is not having a drink tonight"" MAN IS 3 https://t.co/d0moLVC077",300,"{'retweet_count': 0, 'reply_count': 0, 'like_count': 1, 'quote_count': 0}",Twitter for Android
14,It's over. I beat Spiderman and got the Plat. @Insomniacgames @Playstation get this amazing game a PC port stat https://t.co/bMaeQs0FK2,135,"{'retweet_count': 0, 'reply_count': 1, 'like_count': 0, 'quote_count': 0}",PlayStation¬ÆNetwork
15,"Magik, Black Cat. üíóüî•

By Fred Benes

#Magik #XMen #BlackCat #MarvelComics #Marvel #Spiderman https://t.co/sA8xa4k3uv",116,"{'retweet_count': 0, 'reply_count': 1, 'like_count': 5, 'quote_count': 0}",Twitter Web App
16,watching the amazing spiderman 2 let's gooo,43,"{'retweet_count': 0, 'reply_count': 0, 'like_count': 0, 'quote_count': 1}",Twitter for Android
17,@Gorillo13 @WhoWouldWin13 spiderman,35,"{'retweet_count': 0, 'reply_count': 1, 'like_count': 0, 'quote_count': 0}",Twitter Web App
18,@_spiderman_76 it just hit different üò≠üò≠üò≠,40,"{'retweet_count': 0, 'reply_count': 0, 'like_count': 0, 'quote_count': 0}",Twitter for Android
19,"Get in here, Parker! You better have pictures of an aroused Spiderman!",70,"{'retweet_count': 0, 'reply_count': 0, 'like_count': 0, 'quote_count': 0}","Cheap Bots, Done Quick!"
20,@EntEarth Spiderman from the retro collection but there all sold out!,69,"{'retweet_count': 0, 'reply_count': 1, 'like_count': 1, 'quote_count': 0}",Twitter for Android
21,@KozukiDOden The ending to spiderman ps4. Also the last of us,61,"{'retweet_count': 0, 'reply_count': 0, 'like_count': 0, 'quote_count': 0}",Twitter for Android
22,@EricKelly @GameStop To play Spiderman..smdh,44,"{'retweet_count': 0, 'reply_count': 0, 'like_count': 0, 'quote_count': 0}",Twitter for Android
23,@gaak_fr @PlayStationFR Spiderman,33,"{'retweet_count': 0, 'reply_count': 0, 'like_count': 0, 'quote_count': 0}",Twitter Web App
24,Spiderman &gt;&gt;,18,"{'retweet_count': 0, 'reply_count': 0, 'like_count': 0, 'quote_count': 0}",Twitter for Android
25,Spiderman into the spider-verse is sick. Can't believe it took me 2 years to watch it! https://t.co/Biq0JNi3n3,110,"{'retweet_count': 0, 'reply_count': 0, 'like_count': 0, 'quote_count': 0}",Twitter for Android
26,@boredinahouse_ O MY GOSH SPIDERMAN TITLE REVEAL ????,53,"{'retweet_count': 0, 'reply_count': 1, 'like_count': 1, 'quote_count': 0}",Twitter for Android
27,@pIutose @Katzuwukiii Can you be the backfliping spiderman to my dick,69,"{'retweet_count': 0, 'reply_count': 1, 'like_count': 0, 'quote_count': 0}",Twitter for Android
28,I forgot how much of a absolute banger Spiderman Into The Spiderverse is üî•,74,"{'retweet_count': 0, 'reply_count': 0, 'like_count': 0, 'quote_count': 0}",Twitter for iPhone
29,@emotions_xd @FortniteGame I just need ur help getting black panther skin and spiderman skin in fornite for free,112,"{'retweet_count': 0, 'reply_count': 0, 'like_count': 0, 'quote_count': 0}",Twitter for Android
30,@FortniteGame Being able to get venom in fortnite!!üòãüï∑üï∏ Hopefully spiderman next season at some point,100,"{'retweet_count': 0, 'reply_count': 0, 'like_count': 0, 'quote_count': 0}",Twitter for Android
31,@hermit_hacker I feel that spiderman game is probably the best game on the platform.,84,"{'retweet_count': 0, 'reply_count': 0, 'like_count': 2, 'quote_count': 0}",Twitter for Android
32,Lmao don‚Äôt got a team for any tournaments dawg lemme just hop on spiderman,74,"{'retweet_count': 0, 'reply_count': 1, 'like_count': 5, 'quote_count': 0}",Twitter for iPhone
33,why do only little kids get the shoe drip im tryna rock some light up spiderman shoes at 20 years old,101,"{'retweet_count': 0, 'reply_count': 0, 'like_count': 3, 'quote_count': 0}",Twitter for iPhone
34,Spiderman Second Son #PS5Share #inFAMOUS‚Ñ¢SecondSon https://t.co/1aLkcKk7D8,74,"{'retweet_count': 0, 'reply_count': 0, 'like_count': 3, 'quote_count': 0}",PlayStation¬ÆNetwork
35,guys im gonna watch spiderman into the spider verse so byeeeeü§ó,62,"{'retweet_count': 0, 'reply_count': 0, 'like_count': 1, 'quote_count': 0}",Twitter for iPhone
36,"a ""spider"" character inspired by the spiderverse, I call it the aracno-galaxy

#SpiderVerse  #Spiderman #Fanart  #Marvel  #modelsheet https://t.co/6O57MlPjsx",157,"{'retweet_count': 0, 'reply_count': 0, 'like_count': 0, 'quote_count': 0}",Twitter Web App
37,"@ianaIexander i yelled at the ""enjoy spiderman"" NO i wanna enjoy both spiderman AND zelda.... let me live",105,"{'retweet_count': 0, 'reply_count': 0, 'like_count': 45, 'quote_count': 0}",Twitter for Android
38,It‚Äôs always antiblackness coming from the accounts with the comics Flash or comics Spiderman as a pfpüôÑ https://t.co/cQkXKjP1DB,126,"{'retweet_count': 0, 'reply_count': 0, 'like_count': 4, 'quote_count': 0}",Twitter for iPhone
39,"hows this, spiderman? https://t.co/fSK8iAsZLV",45,"{'retweet_count': 0, 'reply_count': 0, 'like_count': 1, 'quote_count': 0}",PlayStation¬ÆNetwork
40,@LimitedRunDoug IKR. I really want to read spiderman blue but its so hard to find.,82,"{'retweet_count': 0, 'reply_count': 0, 'like_count': 1, 'quote_count': 0}",Twitter Web App
41,"Last 5 played I've games!

1.Age of Calamity
2.Pikmin 3 Deluxe
3.Spiderman (PS4)
4.Assassins Creed Syndicate
5.Animal Crossing New Horizons https://t.co/k2X5tKcXSA",163,"{'retweet_count': 0, 'reply_count': 5, 'like_count': 63, 'quote_count': 9}",Twitter for Android
42,"Caption this photo of @jonathanrtbrown üì∏ we think he was trying to be Spider-Man üòÇ

#captiontime #escape #tryingtobespiderman #spiderman https://t.co/U2qDEOFvMH",160,"{'retweet_count': 0, 'reply_count': 1, 'like_count': 2, 'quote_count': 0}",Twitter for iPhone
43,"new vid is scheduled for 11pm! hope u enjoy, gonna go play spiderman until then hehe",84,"{'retweet_count': 0, 'reply_count': 0, 'like_count': 2, 'quote_count': 0}",Twitter Web App
44,"Cheeto curled up next to me when I was playing the new spiderman this morning, and I realized that I played the first the same way except he was much smaller then ü•∫ https://t.co/IG3TxoowvG",188,"{'retweet_count': 0, 'reply_count': 0, 'like_count': 4, 'quote_count': 0}",Twitter for Android
45,@Bweeb112 SPIDERMAN LET'S GOOOOOO,33,"{'retweet_count': 0, 'reply_count': 0, 'like_count': 1, 'quote_count': 0}",Twitter for Android
46,"@ar_andreas @NeilPHauer Babe we have already seen DESINFORMATION, it was 9 th of November , and your made had been narrating  that azerbaijan army (supermen, ironmen, syirian, pakistani army, turkish sepcial forces, Hulk, spiderman,) still attacking Hadrut )))",260,"{'retweet_count': 0, 'reply_count': 0, 'like_count': 0, 'quote_count': 0}",Twitter for Android
47,@DamonBSmith1984 Wow that looks epic. I do regret not play spiderman when I had my ps4,86,"{'retweet_count': 0, 'reply_count': 1, 'like_count': 0, 'quote_count': 0}",Twitter for Android
48,@Heitor_De_Paola @EdGaarcia I thought that was said by uncle Ben from Spiderman 1,81,"{'retweet_count': 0, 'reply_count': 0, 'like_count': 0, 'quote_count': 0}",Twitter Web App
49,"Do people cry at Spiderman into the spiderverse, cuz i did",58,"{'retweet_count': 0, 'reply_count': 0, 'like_count': 1, 'quote_count': 0}",Twitter for Android
50,brb ima play spiderman see u in 5 years,39,"{'retweet_count': 0, 'reply_count': 2, 'like_count': 1, 'quote_count': 0}",Twitter Web App
51,@Clawnyan spiderman ps4,23,"{'retweet_count': 0, 'reply_count': 0, 'like_count': 0, 'quote_count': 0}",Twitter for iPad
52,@NJ30ako @RetroSolesUK Does anyone remember the smaller cheaper spiderman and incredible hulk versions or am I just imagining it lol,132,"{'retweet_count': 0, 'reply_count': 0, 'like_count': 1, 'quote_count': 0}",Twitter for Android
53,"Next time, Parker, make the picture of Spiderman looking suspicious in a transmission control room halfway decent!",114,"{'retweet_count': 0, 'reply_count': 0, 'like_count': 0, 'quote_count': 0}","Cheap Bots, Done Quick!"
54,Spiderman üò± https://t.co/GzHsvV1N4S,35,"{'retweet_count': 0, 'reply_count': 0, 'like_count': 0, 'quote_count': 0}",Twitter for iPhone
55,@SLOplays Agreed to both be spiderman,37,"{'retweet_count': 0, 'reply_count': 1, 'like_count': 1, 'quote_count': 0}",Twitter for Android
56,Did I buy a ps4 JUST to play the spiderman games? Yes.,54,"{'retweet_count': 0, 'reply_count': 4, 'like_count': 13, 'quote_count': 0}",Twitter for iPhone
57,@gaak_fr @PlayStationFR Spiderman !,35,"{'retweet_count': 0, 'reply_count': 0, 'like_count': 0, 'quote_count': 0}",Twitter for Android
58,guys this is so embarrassing of me but im trying to make my iphone widget shit spiderman so i will be tweeting pics from ps5 share so i can save themüò≠üò≠üò≠üò≠üò≠ IGNORE MY GRANNY ASS‚ÄºÔ∏è‚ÄºÔ∏è‚ÄºÔ∏è‚ÄºÔ∏è,183,"{'retweet_count': 0, 'reply_count': 0, 'like_count': 2, 'quote_count': 0}",Twitter for iPhone
59,He'll get to speak a different language. https://t.co/hdpL2gw5Cd,64,"{'retweet_count': 19, 'reply_count': 2, 'like_count': 163, 'quote_count': 0}",Sprout Social
60,"The suit does make me feel powerful ü§£
#lycra #spiderman #spandex #zentai https://t.co/jlfcmrMA0T",96,"{'retweet_count': 1, 'reply_count': 0, 'like_count': 26, 'quote_count': 0}",Twitter Web App
61,Wow! Just finished Spider-Man:Miles Morales amazing game I still love the first one both these games hold a place in my heart! Which one is y‚Äôall‚Äôs favorite mine is still the first one but let me know!! #Spiderman #SpiderManPS4 #SpiderManMilesMorales,250,"{'retweet_count': 0, 'reply_count': 0, 'like_count': 0, 'quote_count': 0}",Twitter for iPhone
62,@KEEMSTAR Just put me on the IOU list please! I really wanna play spiderman one day,83,"{'retweet_count': 0, 'reply_count': 0, 'like_count': 0, 'quote_count': 0}",Twitter for Android
63,"late night work on Mister E. O.
#spiderman #mysterio https://t.co/kmdxiZy6Pf",76,"{'retweet_count': 0, 'reply_count': 0, 'like_count': 1, 'quote_count': 0}",Twitter for iPhone
64,Spiderman homecoming good üëç,27,"{'retweet_count': 0, 'reply_count': 0, 'like_count': 0, 'quote_count': 0}",Twitter for iPhone
65,@RealAntagonist5 Is it spiderman?,33,"{'retweet_count': 0, 'reply_count': 1, 'like_count': 5, 'quote_count': 0}",Twitter for Android
66,"Amazing #Spiderman # 300 #Graded 8.0 Newsstand Edition #Spiderman !! NEW MOVIE !! #eBay #US #Auction #Comics #ComicBooks #ComicBKSearch
üîó https://t.co/6ePga00cS6 * https://t.co/8V1IGq9d1W",187,"{'retweet_count': 2, 'reply_count': 0, 'like_count': 4, 'quote_count': 0}",Racing Snail Post Service
67,Now I really want to get into spiderman,39,"{'retweet_count': 0, 'reply_count': 0, 'like_count': 0, 'quote_count': 0}",Twitter for Android
68,I recently made Sara watch the original Spiderman movie and she cried when Uncle Ben died lol slick almost made me cry too üòÇüòÇ,125,"{'retweet_count': 0, 'reply_count': 0, 'like_count': 3, 'quote_count': 0}",Twitter for iPhone
69,"@Yoherson_deleon @duk_foo @Dealer_Gaming Name one xbox exclusive single player thats fuckin with tlou2, rachet, spiderman, god of war, horizon zero dawn, demon souls, bloodborne... it fuckin goes on and on id take any of thos over any xbox game..   like I said gears and foza.. thats it for me..",295,"{'retweet_count': 0, 'reply_count': 0, 'like_count': 1, 'quote_count': 0}",Twitter Web App
70,@bri_adeline we dont care about your gargantuan booty more than we do that new spiderman bro.,93,"{'retweet_count': 0, 'reply_count': 0, 'like_count': 1, 'quote_count': 0}",Twitter for iPhone
71,Fast sketch from yesterday. One person asked if i can draw this from spiderman scene so here ya go. #RainbowSixSiege https://t.co/Mhk3GC4dMg,140,"{'retweet_count': 0, 'reply_count': 0, 'like_count': 0, 'quote_count': 0}",Twitter for Android
72,@kxeezy @SpiderMan Trash.......,31,"{'retweet_count': 0, 'reply_count': 1, 'like_count': 2, 'quote_count': 0}",Twitter for iPhone
73,@gaak_fr @PlayStationFR Spiderman Morales.,42,"{'retweet_count': 0, 'reply_count': 0, 'like_count': 0, 'quote_count': 0}",Twitter for iPhone
74,@_sombreinternet @revengexstore #RevengexRegaleMoi spiderman,60,"{'retweet_count': 0, 'reply_count': 0, 'like_count': 0, 'quote_count': 0}",Twitter for iPhone
75,@gokurawt @hey_spiderman I gave you a friend to run with you. https://t.co/z3JOy29I3s,85,"{'retweet_count': 0, 'reply_count': 1, 'like_count': 2, 'quote_count': 0}",Twitter Web App
76,Time to continue Spiderman Miles Morales https://t.co/ZPExmvEpsu,64,"{'retweet_count': 0, 'reply_count': 0, 'like_count': 0, 'quote_count': 0}",Twitter Web App
77,@Nav_Dhadwal @Killer_B____M16 Your Spiderman runs at 30 because you‚Äôre using Fidelity mode with Ray tracing. Use the performance one and you‚Äôll get the 60fps.,158,"{'retweet_count': 0, 'reply_count': 1, 'like_count': 2, 'quote_count': 0}",Twitter for iPhone
78,@HVNNlBAL Omg *Spiderman points at himself meme*,48,"{'retweet_count': 0, 'reply_count': 1, 'like_count': 3, 'quote_count': 0}",Twitter for Android
79,@razmakazi I really hope that 15 hour long spiderman game gets a lot of value lol,81,"{'retweet_count': 0, 'reply_count': 1, 'like_count': 1, 'quote_count': 0}",Twitter for Android
80,@TBONEE20 @YourRAGEz But he promised he would play walking dead and spiderman,77,"{'retweet_count': 0, 'reply_count': 2, 'like_count': 0, 'quote_count': 0}",Twitter for Android
81,@iBallisticSquid Spiderman theme intensifies,44,"{'retweet_count': 0, 'reply_count': 0, 'like_count': 0, 'quote_count': 0}",Twitter for Android
82,"@TimeRaimi @DanSlott Who is this spiderman character? I know of Spider-Man, not spiderman.",90,"{'retweet_count': 1, 'reply_count': 1, 'like_count': 5, 'quote_count': 0}",Twitter for Android
83,Andrew Garfield was the best spiderman,38,"{'retweet_count': 0, 'reply_count': 0, 'like_count': 0, 'quote_count': 0}",Twitter for iPhone
84,I have a pet cat I pretty much stole lmao üòÇ @SpiderMan #SpiderManMilesMorales #SpiderManMilesMorales https://t.co/pidJ9PcrQm,124,"{'retweet_count': 0, 'reply_count': 0, 'like_count': 1, 'quote_count': 0}",Twitter for iPhone
85,"Coffee is just about finished brewing so it's almost stream time, gonna pick right up from where we left off last night in SpiderMan: Miles Morales https://t.co/REKxRD04Dp

#GoodGuyEnergy #GetDysfunctional @DysfunctGame  #BeExcellentToEachOther #GoodGuyVibes #TwitchStreamers",275,"{'retweet_count': 0, 'reply_count': 0, 'like_count': 0, 'quote_count': 0}",Twitter Web App
86,"@MCU_Direct @MarvelStudios Molina was exactly what I imagined #DOCOCK would look like! Incredibly popular character in @SpiderMan ... 

#marvel #MCU #comicgeek https://t.co/rPvZ9hTGD3",183,"{'retweet_count': 0, 'reply_count': 0, 'like_count': 0, 'quote_count': 0}",Twitter Web App
87,Cash money for a picture of Spiderman looking talkative!,56,"{'retweet_count': 0, 'reply_count': 0, 'like_count': 0, 'quote_count': 0}","Cheap Bots, Done Quick!"
88,@AGuyNamedNam Spiderman meme with Shaw and Wilcox.,50,"{'retweet_count': 0, 'reply_count': 0, 'like_count': 1, 'quote_count': 0}",Twitter for iPhone
89,@virtua_photo @dabruhforreal @insomniacgames @GavinGoulden @James_Ham90 @MarvelGames @GamerGram_GG @Captured_Collec @JamesStevenson @YuriLowenthal Batman is better. fuck spiderman cum shooting boy,196,"{'retweet_count': 0, 'reply_count': 0, 'like_count': 0, 'quote_count': 0}",Twitter Web App
90,@_sombreinternet @revengexstore #RevengexRegaleMoi Spiderman Miles Morales,74,"{'retweet_count': 0, 'reply_count': 0, 'like_count': 0, 'quote_count': 0}",Twitter for Android
91,"@Robert65989911 @RemnantUndying @IGN going pro on console will never be a thing buddy, keep playing spiderman at 60 fps üòÇ",121,"{'retweet_count': 0, 'reply_count': 1, 'like_count': 0, 'quote_count': 0}",Twitter Web App
92,"AMAZING #SPIDERMAN # 300 - (NM) -MCFARLANE-ORIGIN/1ST APP VENOM -WHITE PAGES #eBay #US #Auction #Comics #ComicBooks #ComicBKSearch
üîó https://t.co/QR4KzQpzhb * https://t.co/YLIixjblFx",182,"{'retweet_count': 0, 'reply_count': 0, 'like_count': 2, 'quote_count': 0}",Racing Snail Post Service
93,"@AnneComics Thanks I appreciate it! üòÑ X-Men and Spiderman I‚Äôd say, but open to anything new too!",96,"{'retweet_count': 0, 'reply_count': 3, 'like_count': 1, 'quote_count': 0}",Twitter for iPhone
94,"@Clawnyan Red dead redemption 2
Undertale
Breath of the wild
God of war
Spiderman 
Dying light
Ghost of tsushima
Horizon: zero dawn
Middle earth: shadow of mordor
Campaign of some of the call of duty games and the zombies (aether) story",236,"{'retweet_count': 0, 'reply_count': 0, 'like_count': 0, 'quote_count': 0}",Twitter for Android
95,"Upside down üï∑
üéÆMarvel's Spiderman Miles Morales

@insomniacgames
#GamerGram #PS4share #VirtualPhotography #TheCapturedCollective #SpiderMan #SpiderManPS4 #MilesMoralesPS4 #BeGreater #BeYourself #PhotoMode #MilesMorales https://t.co/aaAQTQPUEz",242,"{'retweet_count': 1, 'reply_count': 1, 'like_count': 13, 'quote_count': 0}",Twitter for Android
96,@MandyleePlays Spiderman-Mandy Morales,38,"{'retweet_count': 0, 'reply_count': 1, 'like_count': 1, 'quote_count': 0}",Twitter Web App
97,Definitely my favorite skin in the gameüòç@SpiderMan #SpiderManMilesMorales #spiderman https://t.co/RS8BR7dKDd,108,"{'retweet_count': 0, 'reply_count': 1, 'like_count': 2, 'quote_count': 0}",Twitter for iPhone
98,"‚ÄúIt‚Äôs an honor to fight by your side once again Cap. This time we won‚Äôt show any mercy‚Äù

Cap: @ call_me_cap_brooklynkid (ig)

üì∏: @ knowherenyc (IG)

@Marvel @MarvelStudios 

#spiderman #captainamerica #avengers #hailhydra #marvel #marvelphasehydra #hydracap #assassinspiderman https://t.co/tVEZzq5RYS",300,"{'retweet_count': 0, 'reply_count': 0, 'like_count': 5, 'quote_count': 0}",Twitter for iPhone
99,"Be Greater | PS5 games and Chill | Forever a Swinger | Spidey Remastered https://t.co/B4RqAM61zv 
#begreater #twitchaffiliate #spiderman #ps5 #supportsmallstreamers",164,"{'retweet_count': 0, 'reply_count': 0, 'like_count': 7, 'quote_count': 0}",Streamlabs Twitter
100,Just beat Spider-Man miles morales it‚Äôs a great gameüî•üî•üî•@SpiderMan #spiderman #SpiderManMilesMorales https://t.co/74AnM8fxF9,123,"{'retweet_count': 0, 'reply_count': 0, 'like_count': 1, 'quote_count': 0}",Twitter for iPhone
101,SPIDERMAN !!!! i miss him now that i think about it,51,"{'retweet_count': 0, 'reply_count': 0, 'like_count': 0, 'quote_count': 0}",Twitter for iPhone
102,@WE_THE_BOYZ Wow amazing Spiderman 2,36,"{'retweet_count': 0, 'reply_count': 0, 'like_count': 0, 'quote_count': 0}",Twitter for Android
103,"Most recently, Spiderman Miles Morales. In the past I've cried at the end of Horizon Zero Dawn. https://t.co/PFFormehkB",119,"{'retweet_count': 0, 'reply_count': 1, 'like_count': 3, 'quote_count': 0}",Twitter for Android
104,"SPIDER-MAN (Advanced Suit)üï∑üï∏
‚ö†Ô∏è$100 OFF‚ö†Ô∏è
Details‚ñ∂Ô∏è(https://t.co/01ukBxlqbr)üõí

Deluxe‚ñ∂Ô∏è(https://t.co/XEsK1E1kFD)

#CollectPCS #Marvel #Gamerverse #VideoGames #SpiderMan #PeterParker #Statues #HobbyXCollect #BlackFridayDeals https://t.co/F1ETt7D8D8",247,"{'retweet_count': 0, 'reply_count': 0, 'like_count': 0, 'quote_count': 0}",Twitter Web App
105,"I really like #MilesMorales  as a character, but am I the only one wishing they'd stop making him #Spiderman? I feel like Spiderman should be Peter Parker, and that Miles should get his own unique superhero identity and costume (spider-based, of course).",254,"{'retweet_count': 0, 'reply_count': 0, 'like_count': 0, 'quote_count': 0}",Twitter Web App
106,Spiderman Homecoming https://t.co/fqccz0JJhQ,44,"{'retweet_count': 0, 'reply_count': 0, 'like_count': 0, 'quote_count': 0}",Twitter for iPhone
107,"@TimeRaimi @DanSlott He might have ruined spiderman, but his work on Spider-Man was fantastic.",94,"{'retweet_count': 2, 'reply_count': 0, 'like_count': 60, 'quote_count': 0}",Twitter for Android
108,having a thought about spiderman,32,"{'retweet_count': 0, 'reply_count': 0, 'like_count': 0, 'quote_count': 0}",Twitter for iPhone
109,@realasysk Exposed https://t.co/An4uK1NX3N https://t.co/D0u8oeNife,66,"{'retweet_count': 0, 'reply_count': 0, 'like_count': 1, 'quote_count': 0}",Twitter for iPhone
110,"Seen spiderman far from home? ‚Äî Yup, loved it https://t.co/AnLquysO5Y",69,"{'retweet_count': 0, 'reply_count': 0, 'like_count': 0, 'quote_count': 0}",Twitter for Android
111,@flackoyee @1tzTommy I like that Spiderman version I've seen,60,"{'retweet_count': 0, 'reply_count': 0, 'like_count': 0, 'quote_count': 0}",Twitter Web App
112,"@DanSlott I think he had it right the first time. You helped ruined Spiderman. Roger Spiderman, Midwest accountant, who was just living his life before the character came along. You made Spider-Man even more popular, which means that Roger can't even walk down the street without ridicule.",289,"{'retweet_count': 1, 'reply_count': 0, 'like_count': 4, 'quote_count': 0}",Twitter for Android
113,"@n00b64 @RiRiLoLoArts1 But they asked in general, there are more movies than just spiderman, Incredibles, and the other one they listed.

That was the point of the reply",169,"{'retweet_count': 0, 'reply_count': 1, 'like_count': 1, 'quote_count': 0}",Twitter Web App
114,@Dealabs #LaPS5surDealabs Spiderman !!,38,"{'retweet_count': 0, 'reply_count': 0, 'like_count': 1, 'quote_count': 0}",Twitter for iPhone
115,"Pogs, just got Spiderman for the PS4 (no miles Morales :/) and La Chona",71,"{'retweet_count': 0, 'reply_count': 0, 'like_count': 0, 'quote_count': 0}",Twitter Web App
116,Not Miles‚Äô uncle figuring out he‚Äôs SpidermanüòÇüòÇüòÇ,47,"{'retweet_count': 0, 'reply_count': 0, 'like_count': 0, 'quote_count': 0}",Twitter for iPhone
117,@Julio26Z @AdeemGZ spiderman,28,"{'retweet_count': 0, 'reply_count': 1, 'like_count': 0, 'quote_count': 0}",Twitter for iPhone
118,idc what anyone says THE HOMECOMING ERA WAS THE BEST SPIDERMAN ERA https://t.co/ygYW8z8zEL,90,"{'retweet_count': 1, 'reply_count': 2, 'like_count': 31, 'quote_count': 1}",Twitter for iPhone
119,Cash money for a picture of an uncontrolled Spiderman!,54,"{'retweet_count': 0, 'reply_count': 0, 'like_count': 0, 'quote_count': 0}","Cheap Bots, Done Quick!"
120,"@Alejandroid1979 @dabruhforreal @JayDubcity16 @Saltiest_Gaming the list is better than god of crap, last of us 2 thats not better than Resident evil 2, spiderman cum shooting boy and japanese stupid games lul
spiderman is also a copy of saints row and prototype games. played these craps on ps myself",300,"{'retweet_count': 0, 'reply_count': 1, 'like_count': 0, 'quote_count': 0}",Twitter Web App
121,@_sombreinternet @revengexstore #RevengexRegaleMoi  Spiderman miles morales,75,"{'retweet_count': 0, 'reply_count': 0, 'like_count': 0, 'quote_count': 0}",Twitter for iPhone
122,"üï∑Ô∏èüî™SpideyPoolüî™üï∑Ô∏è
-
-
-
[#spideypool #spiderman #peterparker #wadewinstonwilson #fanart #tradicionalart #arttradional #acuarelaart #artacuarela] https://t.co/d4Xx6cHxK1",167,"{'retweet_count': 1, 'reply_count': 0, 'like_count': 3, 'quote_count': 0}",Twitter for Android
123,@Xaghow @Tobias_R__ @SweetPeachGames @crack_bandicoot Spiderman MM most definitely has real ray tracing. You're being ridiculous now.,133,"{'retweet_count': 0, 'reply_count': 0, 'like_count': 0, 'quote_count': 0}",Twitter for Android
124,"@CaptEggcellent @RealBlameTruth same with PlayStation 5 games, I had to select ps5 version cause it was playing the ps4 version of spiderman",140,"{'retweet_count': 1, 'reply_count': 0, 'like_count': 3, 'quote_count': 0}",Twitter Web App
125,"I love how A told me she found me ""sensible"" as I was climbing the window sill and claiming to be spiderman (sober)",115,"{'retweet_count': 0, 'reply_count': 0, 'like_count': 0, 'quote_count': 0}",Twitter Web App
126,@SpiderMan_MCU_ Great plot twist,32,"{'retweet_count': 0, 'reply_count': 0, 'like_count': 0, 'quote_count': 0}",Twitter Web App
127,@willowt00 can we pls do back to back to back spiderman,55,"{'retweet_count': 0, 'reply_count': 1, 'like_count': 1, 'quote_count': 0}",Twitter for iPhone
128,"@DanSlott DON'T ACT LIKE YOU DON'T KNOW WHAT YOU DID TO MR. IRVING SPIDERMAN, SLOTT",83,"{'retweet_count': 1, 'reply_count': 0, 'like_count': 5, 'quote_count': 0}",Twitter Web App
129,@Earth120703 Or and also in Italy they call it ‚ÄúThe Amazing Spiderman 2 il potere di electro which translates to tasm 2 and power of electro,140,"{'retweet_count': 0, 'reply_count': 0, 'like_count': 2, 'quote_count': 0}",Twitter for iPhone
130,"Decided to post these here! Really love how I edited these! üëå 
Be Greater. Be Yourself

#SpiderManPS5 #SpiderManMilesMorales #SpiderManPS4 #Spiderman 
@insomniacgames @YuriLowenthal https://t.co/EBPcZcUaig",205,"{'retweet_count': 1, 'reply_count': 0, 'like_count': 2, 'quote_count': 0}",Twitter for Android
131,Starting to think I might need to check out this new Spiderman game.,68,"{'retweet_count': 0, 'reply_count': 0, 'like_count': 2, 'quote_count': 0}",TweetDeck
132,#PS4share replaying Spiderman. What's she doing here? https://t.co/zf6D38tv8G,77,"{'retweet_count': 0, 'reply_count': 0, 'like_count': 1, 'quote_count': 0}",PlayStation¬ÆNetwork
133,"whenever i talk about spideypool with people i‚Äôm always kind of on edge, cuz there have been multiple times where they say they ship tom holland spiderman with deadpool and i just
WRONG SPIDEY WRONG SPIDEY WRONG SPIDEY WRONG SPIDEY WRONG SPIDEY WRONG FUCKING SPIDEY JESSICA",273,"{'retweet_count': 0, 'reply_count': 0, 'like_count': 1, 'quote_count': 0}",Twitter Web App
134,spiderman 2 https://t.co/AmyTKxlAdb,35,"{'retweet_count': 0, 'reply_count': 0, 'like_count': 0, 'quote_count': 0}",Twitter for Android
135,the only spiderman movie ive ever seen is into the spiderverse but i dont even have to watch the rest to know that miles morales is the Only Spiderman Ever,155,"{'retweet_count': 0, 'reply_count': 0, 'like_count': 0, 'quote_count': 0}",Twitter Web App
136,I need more photos of Spiderman!! #SpiderManMilesMorales #MilesMoralesPS5 #PSshare #PS5 #PlayStation #SoGood https://t.co/r6joWqmZgY,132,"{'retweet_count': 0, 'reply_count': 0, 'like_count': 0, 'quote_count': 0}",Twitter for Android
137,@JahnoMo @ginacarano And Ack vision is making spiderman 3 homeless Starinh a homeless man,89,"{'retweet_count': 0, 'reply_count': 0, 'like_count': 0, 'quote_count': 0}",Twitter for Android
138,"#StaySafe 
Night night tweeters üíã

üéµAnd there is nothing I can do when I realize with fright‚Ä®That the Spiderman is having me for dinner tonight..

#NowPlaying #KittsMix

üï∏üï∑üï∏üï∑üï∏üï∑üï∏üï∑üï∏üï∑üï∏

The Cure - Lullaby 

https://t.co/SyPzYKDhhs via @YouTube https://t.co/tmGALhVlyG",264,"{'retweet_count': 7, 'reply_count': 9, 'like_count': 89, 'quote_count': 0}",Twitter for iPhone
139,@DanSlott How about you learn how to write. You ruined spiderman,64,"{'retweet_count': 2, 'reply_count': 52, 'like_count': 12, 'quote_count': 13}",Twitter for Android
140,"Amazing #SpiderMan #300 origin and 1st full appearance of Venom CGC 9.2 WP #eBay #US #Auction #Comics #ComicBooks #ComicBKSearch
üîó https://t.co/xu1AxsSwoE * https://t.co/GDkkzDA7xe",180,"{'retweet_count': 0, 'reply_count': 0, 'like_count': 1, 'quote_count': 0}",Racing Snail Post Service
141,‚ÄúSpiderman can i have an autogr-‚Äú https://t.co/i1J0RYxb2X,57,"{'retweet_count': 0, 'reply_count': 2, 'like_count': 13, 'quote_count': 0}",Twitter for iPhone
142,@LordSauce_ She also finds out how young spiderman is and pukes on him because of it lmfaoooo https://t.co/p6sLCgJpvD,117,"{'retweet_count': 0, 'reply_count': 1, 'like_count': 1, 'quote_count': 0}",Twitter Web App
143,"@photofoslien I've done that alteasy, with the Spiderman movies!",64,"{'retweet_count': 0, 'reply_count': 1, 'like_count': 0, 'quote_count': 0}",Twitter for Android
144,@insomniacgames now make a spiderman 2 with venom and carnage in it! that will be insane,88,"{'retweet_count': 0, 'reply_count': 0, 'like_count': 0, 'quote_count': 0}",Twitter for Android
145,"So decided to play Spiderman...because it was already in the console and I'm too lazy to change discs lol. Stream will start soon!

#twitch #twitchaffiliate #TwitchStreamers #SmallStreamersCommunity 

https://t.co/q3baeYPxI3",224,"{'retweet_count': 0, 'reply_count': 0, 'like_count': 1, 'quote_count': 0}",Twitter for Android
146,"Just completed Spiderman: Miles Morales. 

What a game. Story is unbelievable. Still have a few collectables to gather etc. 

1st Spiderman was one of the best games I've played on any console, and although I'd argue this isn't quite the same level possibly due to longevity 1/2",278,"{'retweet_count': 0, 'reply_count': 1, 'like_count': 1, 'quote_count': 0}",Twitter for Android
147,@CrossWorks17 @brfootball @USWNT nah it‚Äôs not. it‚Äôs actually funny now like you‚Äôre actually that weird enough to spam the same gif. plus tobey is the best spiderman anyway that‚Äôs my guy,185,"{'retweet_count': 0, 'reply_count': 1, 'like_count': 0, 'quote_count': 0}",Twitter for iPhone
148,I don't know what to do without more Spiderman #MilesMorales #BeYourself #platinum  #PS4share https://t.co/M5u0eWsFQc,117,"{'retweet_count': 0, 'reply_count': 0, 'like_count': 1, 'quote_count': 0}",PlayStation¬ÆNetwork
149,Been laughing at this random frame freeze hahaha #SpiderMan the Cat https://t.co/ZbVpVPNlE7,91,"{'retweet_count': 0, 'reply_count': 0, 'like_count': 1, 'quote_count': 0}",PlayStation¬ÆNetwork
150,Spiderman https://t.co/NK7fYmQQV0,33,"{'retweet_count': 0, 'reply_count': 0, 'like_count': 0, 'quote_count': 0}",Twitter for iPhone
151,"Random spidey suit
#paintingoftheday #artoftheday #dailyart #fanart #spiderman #digitalartwork #digitalpainting #digitalillustration #illustration #character https://t.co/GQy8V7mQ8v",181,"{'retweet_count': 2, 'reply_count': 0, 'like_count': 1, 'quote_count': 0}",Twitter for Android
152,"@Klickedy Because religious people and leaders think they have super powers like they are Spiderman, The Hulk etc.",114,"{'retweet_count': 0, 'reply_count': 0, 'like_count': 0, 'quote_count': 0}",Twitter Web App
153,@PopeAwesomeXIII 1960s cartoon Spiderman theme song.,52,"{'retweet_count': 0, 'reply_count': 0, 'like_count': 1, 'quote_count': 0}",Twitter for Android
154,"@KozukiDOden The Last Of Us 1 (beginning of the game)
Spiderman PS4 (end of the game)
The Walking Dead: Season One
Undertale

Among a few others I can't seem to remember the name of, haha.",188,"{'retweet_count': 0, 'reply_count': 0, 'like_count': 0, 'quote_count': 0}",Twitter Web App
155,"@2GGstrides Wth I feel like such a fan boy then 

Kaye and I wanna play the new spiderman and bugsnax",101,"{'retweet_count': 0, 'reply_count': 1, 'like_count': 1, 'quote_count': 0}",Twitter for Android
156,@thegameawards Trying to 100% the Spiderman PS4 DLCs  and also miles Morales.,77,"{'retweet_count': 0, 'reply_count': 0, 'like_count': 0, 'quote_count': 0}",Twitter for Android
157,#RevengexRegaleMoi spiderman https://t.co/n5ychYVtfx,52,"{'retweet_count': 0, 'reply_count': 0, 'like_count': 0, 'quote_count': 0}",Twitter Web App
158,@fokuz_prime @you_know22 @greeny555 @IGN I'm pretty neutral when it comes to this Council War stuff but both console launches are in the same boat right now. PS5 only has Spiderman witch is just last gen Spiderman skin with upgraded texture not exactly a next gen release title. Both xb and ps5 games are not tell 21/22.,320,"{'retweet_count': 0, 'reply_count': 0, 'like_count': 0, 'quote_count': 0}",Twitter for Android
159,"This nigga fumbled the bag.

Could have been spiderman. ü§¶üèΩ‚Äç‚ôÇÔ∏è https://t.co/NYft55wmxx",85,"{'retweet_count': 0, 'reply_count': 2, 'like_count': 3, 'quote_count': 0}",Twitter for Android
160,"PARKER! Pictures of Spiderman's upper arm, stat!",48,"{'retweet_count': 0, 'reply_count': 0, 'like_count': 0, 'quote_count': 0}","Cheap Bots, Done Quick!"
161,@_sombreinternet @revengexstore #RevengexRegaleMoi Spiderman Miles Morales,74,"{'retweet_count': 0, 'reply_count': 0, 'like_count': 0, 'quote_count': 0}",Twitter for iPhone
162,Kyren Williams for next Spiderman. #NDvsUNC,43,"{'retweet_count': 0, 'reply_count': 0, 'like_count': 0, 'quote_count': 0}",Twitter for Android
163,This spiderman paintin might be my favorite paintin tht ive ever done,69,"{'retweet_count': 0, 'reply_count': 0, 'like_count': 0, 'quote_count': 0}",Twitter for iPhone
164,"@DenyMilkshakes @EverydayBastiat @TizzyisTizzy @notreallykraut Bought spiderman game consoles in bulk which is happening alot with ps5s, he's not marking them up a shit ton either but what really chews me up is that this convo could lead to a good talk about what to do with essentials being scalped. But guillotine gamers want their console.",342,"{'retweet_count': 0, 'reply_count': 0, 'like_count': 0, 'quote_count': 0}",Twitter Web App
165,üì∑ Which one made you cry #marvel #spiderman #spidermanmilesmorales #mcu #followforfollowback #follow4followback #likeme #likeforlikeback #uncleben #popculture #popculturespread https://t.co/exK3AKGzTZ https://t.co/9Od0Nyu56i,224,"{'retweet_count': 0, 'reply_count': 0, 'like_count': 0, 'quote_count': 0}",Tumblr
166,"@bymaria51 wakfu
spiderman into the spider verse",48,"{'retweet_count': 0, 'reply_count': 0, 'like_count': 1, 'quote_count': 0}",Twitter for Android
167,@gokurawt @hey_spiderman Run Goku run! But not this way!  Sakurai close the door CLOSE THE DOOR!,96,"{'retweet_count': 0, 'reply_count': 1, 'like_count': 1, 'quote_count': 0}",Twitter for Android
168,#RevengexRegaleMoi  Spiderman https://t.co/oNLTpuMGrX,53,"{'retweet_count': 0, 'reply_count': 0, 'like_count': 0, 'quote_count': 0}",Twitter for iPhone
169,"@TheSphereHunter While I am sympathetic with your plead, I must also say that a Cartoon Spiderman/SpiderMeme game is what the world so desperstely needs.",153,"{'retweet_count': 0, 'reply_count': 0, 'like_count': 0, 'quote_count': 0}",Twitter for Android
170,"@thegameawards a rewind of all the big things that happened in gaming this year (tlou2, GoT, FF7R new console releases, spiderman, hades, animal crossing) basically showing clips of all the big games/all the nominees for all awards, basically a recap of everything gaming 2020.",277,"{'retweet_count': 0, 'reply_count': 0, 'like_count': 3, 'quote_count': 0}",Twitter for Android
171,i miss huge spiderman,21,"{'retweet_count': 0, 'reply_count': 1, 'like_count': 7, 'quote_count': 0}",Twitter for iPhone
172,"#PS4 Game Lot (9 Games: Modern Warfare, #SpiderMan, Assassins Creed, etc.) #eBay #US #Auction #PlayStation #Playthusiast
üîó https://t.co/40LZ8RlQ5N * https://t.co/JDt55OLztl",172,"{'retweet_count': 0, 'reply_count': 0, 'like_count': 2, 'quote_count': 0}",Racing Snail Post Service
173,@Xbox Spiderman: friend or foe https://t.co/hXCTOtYU7W,54,"{'retweet_count': 0, 'reply_count': 0, 'like_count': 0, 'quote_count': 0}",Twitter for Android
174,PS5 | Spiderman Miles Morales First PS5 Stream  https://t.co/WogOJf1MOc,71,"{'retweet_count': 0, 'reply_count': 0, 'like_count': 0, 'quote_count': 0}",Streamlabs Twitter
175,@teslaownerssv Who doesn't like Spiderman? üëç,44,"{'retweet_count': 0, 'reply_count': 1, 'like_count': 2, 'quote_count': 0}",Twitter for Android
176,@Mundo_Facundo Spiderman,24,"{'retweet_count': 0, 'reply_count': 0, 'like_count': 0, 'quote_count': 0}",Twitter Web App
177,@bertraar2 Sony has a deal with Disney. But square is also under Sony. Insomniac is killing it with the Spiderman games so I believe they could let insomniac handle avengers in the future possibly,196,"{'retweet_count': 0, 'reply_count': 1, 'like_count': 1, 'quote_count': 0}",Twitter for Android
178,"@UnspeakableGame 
My 6 year old grandson decided to tell you he was Spiderman for Halloween",91,"{'retweet_count': 0, 'reply_count': 0, 'like_count': 0, 'quote_count': 0}",Twitter for Android
179,üì∑ Which one made you cry #marvel #spiderman #spidermanmilesmorales #mcu #followforfollowback #follow4followback #likeme #likeforlikeback #uncleben #popculture #popculturespread https://t.co/exK3AKGzTZ https://t.co/JrUC5t2yPO,224,"{'retweet_count': 0, 'reply_count': 0, 'like_count': 0, 'quote_count': 0}",Tumblr
180,Which one made you cry #marvel #spiderman #spidermanmilesmorales #mcu #followforfollowback #follow4followback #likeme #likeforlikeback #uncleben #popculture #popculturespread https://t.co/KfLHIXQzXl,198,"{'retweet_count': 0, 'reply_count': 0, 'like_count': 0, 'quote_count': 0}",Instagram
181,"GOING LIVE!! üî¥ With the finale of Spider-Man: Miles Morales. Let's put a stop to this feud between the Underground and Roxxon and save New York.

https://t.co/bkf56AP295

#SupportAllStreamers #SupportSmallStreamers #Gaming #Twitch #TwitchCommunity #SpiderMan #MilesMorales https://t.co/dIw5MOQnr1",296,"{'retweet_count': 0, 'reply_count': 0, 'like_count': 3, 'quote_count': 0}",Twitter for Android
182,Me came to celebrate hugs and take classes and Her all done getting pictures of Spiderman,89,"{'retweet_count': 0, 'reply_count': 0, 'like_count': 0, 'quote_count': 0}","Cheap Bots, Done Quick!"
183,@tomwarren Coil whine in my PS5 is very noticeable when starting a game. Can even hear the pitch changing when toggling between performance/resolution modes in Spiderman Remastered and Borderlands 3. I keep telling myself its not as loud as the PS4 Pro but that doesnt it any less annoying.,290,"{'retweet_count': 0, 'reply_count': 0, 'like_count': 5, 'quote_count': 0}",Twitter Web App
184,HA Spiderman is such fucking trash man. Dispatching the same group of enemies for the 50th time in the same exact way. omg fuck this. i would rather go play anything else right now. How did i get through this piece of shit the first time?,238,"{'retweet_count': 0, 'reply_count': 0, 'like_count': 1, 'quote_count': 0}",Twitter Web App
185,@Xbox Spiderman,15,"{'retweet_count': 0, 'reply_count': 0, 'like_count': 0, 'quote_count': 0}",Twitter for iPhone
186,"@glennturner83 @teambean28 Upper arm. I did ask for it to be discreet, but she has to live with it, not me. Not be happy if she comes home looking like Spiderman!",162,"{'retweet_count': 0, 'reply_count': 0, 'like_count': 0, 'quote_count': 0}",Twitter for Android
187,How To Trick Your Friend To Show Her Evil Lair Location | Spider-Man: Mi... https://t.co/kBKl7ejDIR via @YouTube #SpiderManMilesMorales #PS5 #letsplay #youtubegaming #YouTuber #YouTubers #MarvelsSpiderMan #Marvel #SpiderManPS5 #SpiderMan,237,"{'retweet_count': 0, 'reply_count': 0, 'like_count': 2, 'quote_count': 0}",Twitter Web App
188,"The holidays are a time for togetherness. With as many people as you can.

#SuperOrgy

#gayorgy #gaysuperheroes #superherofetish #bara #yaoi #gaysex #gayporn #nsfw #orgy #groupsex #analsex #mcu #captainamerica #starlord #spiderman #thor https://t.co/pQ5jLNjdMo",260,"{'retweet_count': 3, 'reply_count': 1, 'like_count': 11, 'quote_count': 0}",Twitter Web App
189,"Armored Advanced Suit ||

#PS4share #PS4 #SpiderManPS4 #SpiderMan 
@_GameScreenshot
@insomniacgames #VGPUnite #Gametography #screenshot 
#VirtualPhotography #Videogamephotography #Gamergram #VGPNetwork #MarvelsSpiderMan https://t.co/JHqI4qAnTM",243,"{'retweet_count': 2, 'reply_count': 0, 'like_count': 7, 'quote_count': 0}",TweetDeck
190,Spiderman 2 https://t.co/Ou5wfeLFvF,35,"{'retweet_count': 0, 'reply_count': 0, 'like_count': 0, 'quote_count': 0}",Twitter for iPhone
191,@TemplateYuya what tf does spiderman taste like,47,"{'retweet_count': 0, 'reply_count': 1, 'like_count': 1, 'quote_count': 0}",Twitter for Android
192,"Few of my favorite games oot

#demonssoulsps3 #demonssoulsps5 #DarkSouls123 #Bloodborne #Sekiro #nioh2 #nioh #reddeadredeemption2 #spiderman #gamerboi #ps5 #ffviiR #DQXI #ninjagaidensigma2 #l4l #follow https://t.co/PADmDzR99a",225,"{'retweet_count': 0, 'reply_count': 0, 'like_count': 0, 'quote_count': 0}",Twitter for Android
193,"by far my most egregiously bad music opinion is that the song Seether and the Nickleback guy did for the old Spiderman movie slaps, actually",140,"{'retweet_count': 1, 'reply_count': 8, 'like_count': 41, 'quote_count': 1}",Twitter Web App
194,I can‚Äôt remember what my problem was with Homecoming when I first tried watching because I‚Äôm really enjoying this. Holland really is the best adaption of Peter Parker &amp; Spiderman,182,"{'retweet_count': 0, 'reply_count': 0, 'like_count': 0, 'quote_count': 0}",Twitter for iPhone
195,Just beat spiderman miles morales and man what a dope ass game!!! üî•üî•üî• time to get this plat üòàüòàüòà,95,"{'retweet_count': 0, 'reply_count': 0, 'like_count': 1, 'quote_count': 0}",Twitter for iPhone
196,"Lakshita Enterprises Superhero Spiderman Captain America Design Reusable Anti-Pollution Dust Protection Cotton Face Mask for kids, Boys, Girls Pack of¬†3 https://t.co/vEVtcPOf2w",176,"{'retweet_count': 0, 'reply_count': 0, 'like_count': 0, 'quote_count': 0}",WordPress.com
197,Spiderman homecoming https://t.co/9QadYJKqmp,44,"{'retweet_count': 0, 'reply_count': 0, 'like_count': 1, 'quote_count': 0}",Twitter for iPhone
198,@youngyutaizyu spiderman,24,"{'retweet_count': 0, 'reply_count': 1, 'like_count': 1, 'quote_count': 1}",Twitter Web App
199,@Jack_Septic_Eye BRO DID YOU SEE THE STAN LEE STATUE IN THE UPPER WEST AREA OF THE NEW SPIDERMAN GAME,101,"{'retweet_count': 0, 'reply_count': 0, 'like_count': 0, 'quote_count': 0}",Twitter for iPhone
200,"PARKER! Pictures of Spiderman looking obligated, stat!",54,"{'retweet_count': 0, 'reply_count': 0, 'like_count': 0, 'quote_count': 0}","Cheap Bots, Done Quick!"
201,"cw // itsv 
.
.
.
.
SPIDERMAN INTO THE SPIDERVERSE GAIN TWEET! if you stan spiderman into the spiderverse interact with this tweet and follow others that interact! also feel free to follow me too :)

 https://t.co/UvDH5CZ7co",224,"{'retweet_count': 1, 'reply_count': 0, 'like_count': 6, 'quote_count': 0}",Twitter for iPhone
202,I will probably not be able to stream until Monday. Hope to see you then for more #SpiderMan action.,100,"{'retweet_count': 0, 'reply_count': 1, 'like_count': 0, 'quote_count': 0}",Twitter for Android
203,@JoshuaRichardzz @theliz247 @joshescuppycake @Griffin42069 @AintBryceHall @sourpatchkids04 @thenamesBlakeee hey i miss spiderman where is he if u see him let me know,165,"{'retweet_count': 0, 'reply_count': 0, 'like_count': 0, 'quote_count': 0}",Twitter Web App
204,@gokurawt @hey_spiderman Ah ggs gottem. https://t.co/Vac94UHdHQ,63,"{'retweet_count': 0, 'reply_count': 0, 'like_count': 2, 'quote_count': 1}",Twitter for Android
205,Sitting on a #wall like #Spiderman isn't taking days off.,57,"{'retweet_count': 0, 'reply_count': 0, 'like_count': 1, 'quote_count': 0}",Twitter for Android
206,"@realasysk These screenshots are fake. Read the real article for yourself.

https://t.co/FYuG5zkuVE",99,"{'retweet_count': 0, 'reply_count': 0, 'like_count': 0, 'quote_count': 0}",Twitter Web App
207,@_sombreinternet @revengexstore #RevengexRegaleMoi  spiderman,61,"{'retweet_count': 0, 'reply_count': 0, 'like_count': 0, 'quote_count': 0}",Twitter for Android
208,@teslaownerssv Looks like someone loves Spiderman!,50,"{'retweet_count': 0, 'reply_count': 0, 'like_count': 2, 'quote_count': 0}",TweetDeck
209,It was a slow day for sure. But thank you for those who stopped by the stream. I may have to drag spiderman out just a bit because I'm midway through the main story.,165,"{'retweet_count': 0, 'reply_count': 1, 'like_count': 2, 'quote_count': 0}",Twitter for Android
210,of course i‚Äôm crying watching spiderman ffs,43,"{'retweet_count': 0, 'reply_count': 0, 'like_count': 0, 'quote_count': 0}",Twitter for iPhone
211,@gaak_fr @PlayStationFR Spiderman Miles Morales üòç,49,"{'retweet_count': 0, 'reply_count': 0, 'like_count': 0, 'quote_count': 0}",Twitter for iPhone
212,spiderman. https://t.co/0rEVlFHejp,34,"{'retweet_count': 0, 'reply_count': 0, 'like_count': 0, 'quote_count': 1}",Twitter for iPhone
213,@Prettyboyfredo Play spiderman,30,"{'retweet_count': 0, 'reply_count': 1, 'like_count': 0, 'quote_count': 0}",Twitter for iPhone
214,@bri_adeline You dont have spiderman miles Morales so obviously the ps5,71,"{'retweet_count': 0, 'reply_count': 0, 'like_count': 0, 'quote_count': 0}",Twitter for Android
215,"Times come to be a hero.... Even if that means been late to school üòÖ

Tags: #MilesMoralesPS4 #SpiderMan #VirtualPhotography https://t.co/1z65tsSynv",147,"{'retweet_count': 0, 'reply_count': 0, 'like_count': 2, 'quote_count': 0}",Twitter for Android
216,"A long list but here's a few...
Kirby Adventure
LOZ Majora's Mask
Jade Empire
Dragon Age Origins/Awakening
Mario Sunshine
Pokemon Platinum
TMNT Turtles In Time
Maximum Carnage
Final Fantasy 7
Mario Party 2
LOZ Twilight Princess
Ultimate Spiderman
Drakengard 2
Way of the Samurai https://t.co/pKepLrGc2o",302,"{'retweet_count': 0, 'reply_count': 1, 'like_count': 2, 'quote_count': 0}",Twitter for Android
217,"@Silent_goop Its robert downey junior (iron man)

And

Tobeymcquiere or whatever his name is (original spiderman)",113,"{'retweet_count': 0, 'reply_count': 1, 'like_count': 1, 'quote_count': 0}",Twitter for Android
218,High-school ain stop me from wearing ninja turtle/ Spiderman backpacks. Your judgements can't stop me now. -Spooky,114,"{'retweet_count': 0, 'reply_count': 0, 'like_count': 0, 'quote_count': 0}",Twitter for Android
219,@gaak_fr @PlayStationFR Spiderman Miles morales !! ü§ûü§û,53,"{'retweet_count': 0, 'reply_count': 0, 'like_count': 0, 'quote_count': 0}",Twitter for Android
220,"So...I got Zoids Wild: Blast Unleashed on the switch, Ghost of Tsushima, Nioh 2 and Spiderman: Miles Morales on the PS4 to scratch off since it's been so long... https://t.co/P5PvwXsenQ",185,"{'retweet_count': 0, 'reply_count': 1, 'like_count': 0, 'quote_count': 0}",Twitter Web App
221,@Mohamed58791664 @Therealjaz01267 @TigerCA123 @Xbox You got an old ass game at launch and fallout 76: spiderman dlc,115,"{'retweet_count': 0, 'reply_count': 0, 'like_count': 0, 'quote_count': 0}",Twitter for Android
222,@_ayanalawson @xoCurlyPrxncexo @HBCUfessions Spiderman and Nicki Minaj looking down on some shit,96,"{'retweet_count': 0, 'reply_count': 0, 'like_count': 9, 'quote_count': 0}",Twitter for Android
223,andrew garfield was great in the amazing spiderman idc,54,"{'retweet_count': 0, 'reply_count': 1, 'like_count': 1, 'quote_count': 0}",Twitter Web App
224,"Check out Marvel SPIDERMAN Dinnerware Assortment - Mug, Cup and Plate  #Assortment https://t.co/tlAgH8c5QN via @eBay",116,"{'retweet_count': 0, 'reply_count': 0, 'like_count': 0, 'quote_count': 0}",Twitter Web App
225,"Drew another Spidersona piece.... I'm not sorry. Anyway, here's him fighting the Rhino in his universe...
#spidersona #drawyourspiderverse #spiderverse #spidermanintothespiderverse #spiderman #therhino #rhino #art #comics #drawing https://t.co/zpEUGzkEXM",254,"{'retweet_count': 0, 'reply_count': 0, 'like_count': 0, 'quote_count': 0}",Twitter Web App
226,@LavenderLady113 just Tom Holland himself and his spiderman is the best part of the mcu for me,94,"{'retweet_count': 0, 'reply_count': 0, 'like_count': 1, 'quote_count': 0}",Twitter for Android
227,@Xbox Spiderman 1 and 2 on playstation 1,40,"{'retweet_count': 0, 'reply_count': 0, 'like_count': 0, 'quote_count': 0}",Twitter for Android
228,@deidarawr spiderman into the spiderverse ten animowany,55,"{'retweet_count': 0, 'reply_count': 1, 'like_count': 0, 'quote_count': 0}",Twitter Web App
229,The end of spiderman ü•∫ https://t.co/DwI1rmJWd5,46,"{'retweet_count': 0, 'reply_count': 0, 'like_count': 2, 'quote_count': 0}",Twitter for Android
230,@KozukiDOden Spiderman,22,"{'retweet_count': 0, 'reply_count': 0, 'like_count': 0, 'quote_count': 0}",Twitter for Android
231,"@OnPsCommunity check your zunos, got an email for spiderman.",60,"{'retweet_count': 0, 'reply_count': 0, 'like_count': 0, 'quote_count': 0}",Twitter for Android
232,"PARKER! Pictures of Spiderman with The Geologic Ground hog, stat!",65,"{'retweet_count': 0, 'reply_count': 0, 'like_count': 0, 'quote_count': 0}","Cheap Bots, Done Quick!"
233,"All right, I'm working on two videos tomorrow: 1) A #Deadpool 2 video, and also, 2) A Superior #SpiderMan video.

I just did a video talking about how Marvel &amp; DC need to up their Animated Shows game. Seriously! They could be winning a lot of people over with the teams! https://t.co/YSD1ByZ1u5",298,"{'retweet_count': 0, 'reply_count': 0, 'like_count': 0, 'quote_count': 0}",Twitter Web App
234,@NVIDIAGeForce @sharahlady #giftagamer she finished spiderman,61,"{'retweet_count': 0, 'reply_count': 0, 'like_count': 0, 'quote_count': 0}",Twitter for iPhone
235,"Do you want to see Tobey Maguire and/or Andrew Garfield return as Spider-Man in ‚ÄòSpider-Man 3‚Äô or in any other upcoming film? 

#Marvel #MarvelStudios #MCU #MarvelCinematicUniverse #SpiderMan3 #SpiderMan #PeterParker #TobeyMaguire #AndrewGarfield",246,"{'retweet_count': 0, 'reply_count': 0, 'like_count': 0, 'quote_count': 0}",Twitter for iPhone
236,because hes the best spiderman,30,"{'retweet_count': 0, 'reply_count': 0, 'like_count': 0, 'quote_count': 0}",Twitter for iPhone
237,the first peter Parker out of spiderman into the spider verse can dooo meee,75,"{'retweet_count': 0, 'reply_count': 0, 'like_count': 1, 'quote_count': 0}",Twitter for Android
238,miles morales is the best spiderman change my mind,50,"{'retweet_count': 0, 'reply_count': 1, 'like_count': 0, 'quote_count': 0}",Twitter for iPhone
239,@gaak_fr @PlayStationFR Spiderman,33,"{'retweet_count': 0, 'reply_count': 0, 'like_count': 0, 'quote_count': 0}",Twitter for Android
240,"Tbh the only song from the Disintegration album I didn't like was quite a hit, but Spiderman really never worked for me, the rest is brilliance (AV2)
https://t.co/V7EQtpzKlH",173,"{'retweet_count': 0, 'reply_count': 0, 'like_count': 4, 'quote_count': 0}",Twitter Web App
241,@_sombreinternet @revengexstore #RevengexRegaleMoi SPIDERMAN,60,"{'retweet_count': 0, 'reply_count': 0, 'like_count': 0, 'quote_count': 0}",Twitter for iPhone
242,That and it shoulda been story driven like Spiderman https://t.co/bAk2UlzNvy,76,"{'retweet_count': 0, 'reply_count': 0, 'like_count': 0, 'quote_count': 0}",Twitter for iPhone
243,@NeedBlkPolySubs @bestofvidgames Lizard and venom just imagine. Both spiderman i think yh we'll play as and na I believe 2022 release is likely imo,147,"{'retweet_count': 0, 'reply_count': 1, 'like_count': 1, 'quote_count': 0}",Twitter for Android
244,"@Yoherson_deleon @duk_foo @Dealer_Gaming Tlou2 is a tactical zombie 3rd person shooter where you take cover, craft weapons, with a full hand to had combat system with the most advanced enemy ai, with an incredible story and industry leading graphics.. Spiderman is spiderman.. cmon..",283,"{'retweet_count': 0, 'reply_count': 0, 'like_count': 0, 'quote_count': 0}",Twitter Web App
245,@vybejake @LinexSZN Spiderman team,34,"{'retweet_count': 0, 'reply_count': 1, 'like_count': 2, 'quote_count': 0}",Twitter for iPhone
246,"PS5 has LBP &amp; spiderman

You don't https://t.co/YkqtMcwN00",62,"{'retweet_count': 0, 'reply_count': 0, 'like_count': 2, 'quote_count': 0}",Twitter for Android
247,Saved SpiderMan! https://t.co/tcaZPqOHC7,40,"{'retweet_count': 0, 'reply_count': 0, 'like_count': 1, 'quote_count': 0}",PlayStation¬ÆNetwork
248,"Happy Late Thanksgiving! Since #SpiderManMilesMorales came out recently, I decided to draw Miles in action. I also made a video giving my thoughts on the game too. Let me know what you think of it! 

#ps4 #spiderman #milesmorales #marvel #videogames #comicart #jamerson https://t.co/ZenFbTCtEy",293,"{'retweet_count': 0, 'reply_count': 1, 'like_count': 1, 'quote_count': 0}",Twitter for Android
249,That face come straight out a spiderman comic tho...the villain and his sidekick with a funny hat... https://t.co/HRv6GndCCt,124,"{'retweet_count': 0, 'reply_count': 0, 'like_count': 0, 'quote_count': 0}",Twitter for iPhone
250,@Spiderman654673 @Xbox_SeXy @Saselandia Rip spiderman,53,"{'retweet_count': 0, 'reply_count': 1, 'like_count': 0, 'quote_count': 0}",Twitter for Android
251,"@insomniacgames #SpiderManPS5 #MilesMoralesPS5 just found out that before you click on your save file, theres a upgrade feature that allows you to buy spiderman remastered for 20¬£ if you do not have ultimate edition",215,"{'retweet_count': 0, 'reply_count': 0, 'like_count': 0, 'quote_count': 0}",Twitter for iPhone
252,"@JezCorden This game isn't next gen, in fact, they took the last gen version and added RT reflections to port it fast for XSX/PS5. I still think its better than SSR, but far worse than Spiderman Miles Morales, that's for sure...",228,"{'retweet_count': 0, 'reply_count': 0, 'like_count': 0, 'quote_count': 0}",Twitter for Android
253,@harmonikek With how many switch fans beg for persona 5 or spiderman on switch I don't get why people get pissy when the reverse is suggested,141,"{'retweet_count': 0, 'reply_count': 0, 'like_count': 0, 'quote_count': 0}",Twitter for Android
254,"Live, playing #Spiderman attempting to beat it on ultimate difficulty! I LOVE the Spider-Man games from  @insomniacgames #SmallStreamersConnect https://t.co/onhbykTTN9",167,"{'retweet_count': 1, 'reply_count': 0, 'like_count': 1, 'quote_count': 0}",Twitter for iPhone
255,could have stopped the Spiderman musical in its tracks,54,"{'retweet_count': 0, 'reply_count': 0, 'like_count': 3, 'quote_count': 0}",Twitter Web App
256,@BastienBllrg Thor 3 Spiderman 1 black Panther avengers infinity war captain Marvel avengers endgame spider man 2,113,"{'retweet_count': 0, 'reply_count': 1, 'like_count': 1, 'quote_count': 0}",Twitter for iPhone
257,@SpiderMan_r @SamKhan999 U can find indian beef around every corner of UAE,74,"{'retweet_count': 0, 'reply_count': 0, 'like_count': 7, 'quote_count': 0}",Twitter for Android
258,@WakeBets grow up with it? lol i don't know. this was like having a children's tale come to life for me. or like a good spiderman movie.,136,"{'retweet_count': 0, 'reply_count': 1, 'like_count': 6, 'quote_count': 0}",Twitter Web App
259,"Host migration complete! To celebrate, we‚Äôre going to do a quick giveaway! How does #SpiderMan #MilesMoralesPS5 sound?

Follow us and retweet this tweet by 9PM PST on 11/27 (TONIGHT!) for a chance to win a US PS4/PS5 code on us! No purchase necessary, good luck to everyone! https://t.co/ejdjJx2eet",298,"{'retweet_count': 48, 'reply_count': 4, 'like_count': 18, 'quote_count': 1}",Twitter for iPhone
260,"Hey guys! No streams this weekend! Taking a break! :)

But remeber that you have only 2 more days to vote for the game I will be playing starting next Sunday! ATM, Breath of the Wild is winning by a big margin!! :)

https://t.co/Hre63988oj

#Zelda #Spiderman #HorizonZeroDawn",275,"{'retweet_count': 0, 'reply_count': 0, 'like_count': 0, 'quote_count': 0}",Twitter Web App
261,@serhansakura Hey Babe!! Check out my spiderman boxer !!! ü§Øüòùü§≠,61,"{'retweet_count': 0, 'reply_count': 0, 'like_count': 1, 'quote_count': 0}",Twitter for Android
262,"@ridewithchrisUT Ask them if they've heard the good news!  And hand them a pamphlet about our savior,  Spiderman",112,"{'retweet_count': 0, 'reply_count': 2, 'like_count': 0, 'quote_count': 0}",Twitter Web App
263,i was actually just losing my shit seeing this in the trailer ive never been a avengers fan but god ive always loved Spiderman https://t.co/oXzGW9aBvq,150,"{'retweet_count': 0, 'reply_count': 1, 'like_count': 6, 'quote_count': 0}",Twitter for Android
264,Spiderman https://t.co/rlXBG1FpCs,33,"{'retweet_count': 0, 'reply_count': 0, 'like_count': 0, 'quote_count': 0}",Twitter for Android
265,@_sombreinternet @revengexstore #RevengexRegaleMoi Spiderman Miles Morales,74,"{'retweet_count': 0, 'reply_count': 0, 'like_count': 0, 'quote_count': 0}",Twitter for Android
266,anyone wanna watch spiderman 1 and 2,36,"{'retweet_count': 0, 'reply_count': 1, 'like_count': 4, 'quote_count': 0}",Twitter for Android
267,Looking for movies to watch? Watch Spiderman: Into the Spiderverse,66,"{'retweet_count': 0, 'reply_count': 0, 'like_count': 0, 'quote_count': 0}","Cheap Bots, Done Quick!"
268,woke up hyperfixating on spiderman again soz.,45,"{'retweet_count': 0, 'reply_count': 1, 'like_count': 9, 'quote_count': 0}",Twitter Web App
269,"Next time, Parker, make the picture of Spiderman hurting an information clerk halfway decent!",93,"{'retweet_count': 0, 'reply_count': 0, 'like_count': 0, 'quote_count': 0}","Cheap Bots, Done Quick!"
270,NEW INVENTION! 'The Strong Spiderman' is a pickle soccer ball for $22,69,"{'retweet_count': 0, 'reply_count': 0, 'like_count': 0, 'quote_count': 0}","Cheap Bots, Done Quick!"
271,@TylerWunch idk if you want spiderman headers but https://t.co/fJFIhqGkZc,73,"{'retweet_count': 0, 'reply_count': 0, 'like_count': 1, 'quote_count': 0}",Twitter for iPhone
272,spent all day playing and finally finished spiderman‚Äôs main story https://t.co/bf32kItDlM,89,"{'retweet_count': 0, 'reply_count': 1, 'like_count': 3, 'quote_count': 0}",Twitter for iPhone
273,If I catch one of y‚Äôall niggas wearing this I‚Äôma kms üò≠üò≠ https://t.co/4G5G24g6LR,79,"{'retweet_count': 0, 'reply_count': 0, 'like_count': 0, 'quote_count': 0}",Twitter for iPhone
274,"@deity_master For content like this?

They know I like spiderman. They don't want me to get it lol",98,"{'retweet_count': 0, 'reply_count': 0, 'like_count': 0, 'quote_count': 0}",Twitter for Android
275,I think Spiderman did the Assassins Creed/Arkham open world formula the best,76,"{'retweet_count': 0, 'reply_count': 1, 'like_count': 0, 'quote_count': 0}",Twitter for iPhone
276,Women are incapable of love. I want to play spiderman. https://t.co/ztQautOXlV,78,"{'retweet_count': 0, 'reply_count': 1, 'like_count': 3, 'quote_count': 0}",Twitter for Android
277,@Yoherson_deleon @duk_foo @Dealer_Gaming Hahaha over ur head huh... I know they are not the same.. I fucking play them.. its just as dumb saying spiderman and tlou2 are the same.. because of a fuckin camera view and cut scenes.. fuckin dumb.. and especially when you have not played them.,288,"{'retweet_count': 0, 'reply_count': 2, 'like_count': 1, 'quote_count': 0}",Twitter Web App
278,"Live Spiderman Miles Morales

https://t.co/nXq97VyGE2",53,"{'retweet_count': 0, 'reply_count': 0, 'like_count': 0, 'quote_count': 0}",Twitter for Android
279,my mind full with yongseung spiderman,37,"{'retweet_count': 0, 'reply_count': 0, 'like_count': 1, 'quote_count': 1}",Twitter Web App
280,LIVE SPIDERMAN PS5 https://t.co/mOfV5Lgjmj,42,"{'retweet_count': 0, 'reply_count': 0, 'like_count': 0, 'quote_count': 0}",Twitter for Android
281,Spiderman 2 https://t.co/kXfmgmTCVq,35,"{'retweet_count': 0, 'reply_count': 0, 'like_count': 0, 'quote_count': 0}",Twitter Web App
282,@SylverOwO Better option destroy spiderman,42,"{'retweet_count': 0, 'reply_count': 0, 'like_count': 2, 'quote_count': 0}",Twitter for Android
283,spiderman turn off the dark is such a disaster i love it,56,"{'retweet_count': 0, 'reply_count': 0, 'like_count': 0, 'quote_count': 0}",Twitter for Android
284,@Xbox spiderman 2,17,"{'retweet_count': 0, 'reply_count': 0, 'like_count': 0, 'quote_count': 0}",Twitter for iPhone
285,@thegameawards Working my way through Valhalla now that I've finished Spiderman!,80,"{'retweet_count': 0, 'reply_count': 0, 'like_count': 0, 'quote_count': 0}",Twitter for Android
286,how we get stuck with mfs like chalamet and that small guy who's spiderman,74,"{'retweet_count': 0, 'reply_count': 1, 'like_count': 0, 'quote_count': 0}",Twitter for iPhone
287,@insomniacgames Insomniac please add an update on spiderman ps4 so if people complete the whole main story and the dlc‚Äôs we could unlock a secret mission to get a symbiote harry like in the credits along with a symboite like tom hardys portrayal as venom,254,"{'retweet_count': 0, 'reply_count': 0, 'like_count': 0, 'quote_count': 0}",Twitter for iPhone
288,@bazzikicks @snkr_twitr Yeah but I don't want to do that lol. Not tryna sell shit. Just want the console at retail. Also don't need all the extras. Only thing I'd want is spiderman.,181,"{'retweet_count': 0, 'reply_count': 0, 'like_count': 0, 'quote_count': 0}",Flamingo for Android
289,SPIDERMAN INTO THE SPIDERVERSE IS FINALLY ON CANADIAN NETFLIX https://t.co/R8wLyqpkZk,85,"{'retweet_count': 0, 'reply_count': 1, 'like_count': 1, 'quote_count': 0}",Twitter for Android
290,Spiderman 2! https://t.co/LgDD4EzZxf,36,"{'retweet_count': 0, 'reply_count': 0, 'like_count': 1, 'quote_count': 0}",Twitter for iPhone
291,"oh boy a shit ton heres some of the top of my head

Destiny 2: Forsaken
Halo Reach
RDR2
Titanfall 2
Spiderman Ps4
Borderlands 3
Telltales the walking dead Seasons 1,2,3,4
HZD
Tales from the borderlands
Nier Automata
FFXV 

theres a lot more but i cant be assed to mention them https://t.co/BBF2slT30P",300,"{'retweet_count': 0, 'reply_count': 0, 'like_count': 1, 'quote_count': 0}",Twitter Web App
292,"In this clip from the Voluntary Viewing Podcast Lucas, Andrew, and Ryan discuss the merits of Lucas being a Slum Lord King after the Apocalypse and how he would handle Spider Man.
#Podcast #Rent #Slumlord #Spiderman 
https://t.co/njvM2SQBYc",240,"{'retweet_count': 0, 'reply_count': 0, 'like_count': 0, 'quote_count': 0}",Twitter Web App
293,I would love if @insomniacgames next #spiderman gives us this as a option while swinging @bryanintihar https://t.co/wk6LtF4msF,126,"{'retweet_count': 0, 'reply_count': 0, 'like_count': 0, 'quote_count': 0}",Twitter Web App
294,"I literally have spiderman, cold war, and ps plus but... this is me as well üòê https://t.co/DV7dQwWD3g",101,"{'retweet_count': 0, 'reply_count': 1, 'like_count': 3, 'quote_count': 0}",Twitter for iPhone
295,"Bruh. (Via @/wallcrawlerfacts on instagram)

#spiderman #intothespiderverse #spidermanmeme #intothespiderversememe #meme https://t.co/eMGgR0q4qa",144,"{'retweet_count': 0, 'reply_count': 0, 'like_count': 0, 'quote_count': 0}",Twitter for Android
296,Spiderman 3 https://t.co/kqYMTPgpRC,35,"{'retweet_count': 0, 'reply_count': 1, 'like_count': 0, 'quote_count': 0}",Twitter for Android
297,There is a RUMOR about Spiderman 3! Apparently Alfred Molina is in Atlanta filming scenes.. aka DOC OC!! I hope this is true because Jamie Foxx is already filming scenes. Almost confirms the Multiverse!!! https://t.co/QJPbeJqnPu,228,"{'retweet_count': 0, 'reply_count': 0, 'like_count': 1, 'quote_count': 0}",Twitter for iPhone
298,he visto a spiderman en liyue https://t.co/PzGiZw606u,53,"{'retweet_count': 1, 'reply_count': 1, 'like_count': 1, 'quote_count': 0}",Twitter Web App
299,"I'm thinking about streaming around 5:15. I'm considering playing Spiderman which will lead into playing Miles Morales, but there's also the new Avengers game...I guess we'll see what happens

#twitchaffiliate #twitchstreamer
#SmallStreamersCommunity

https://t.co/Ylbvv0GfxG",275,"{'retweet_count': 2, 'reply_count': 0, 'like_count': 0, 'quote_count': 0}",Twitter for Android
300,"#KinginBlack #2 variant by #TylerKirkham, an homage to #WebofSpiderMan #32 by #MikeZeck and #BobMcLeod!
‚ú®
#Venom #Knull #SpiderMan #Marvel #MarvelComics #MarvelCosmic https://t.co/Vd1hOCbzfz",190,"{'retweet_count': 34, 'reply_count': 4, 'like_count': 189, 'quote_count': 2}",Twitter for iPhone
301,"AMAZING SPIDERMAN #800 EXCLUSIVE J SCOTT CAMPBELL RED GOBLIN VARIANT MARVEL Category: Spider-Man Location: Saint Louis, MO, USA... - https://t.co/1H0qo7BfA7 https://t.co/5KfJxQ8dtt",180,"{'retweet_count': 0, 'reply_count': 0, 'like_count': 0, 'quote_count': 0}",RSS Ground
302,Spiderman into the spider verse is probably one of not the best movie I've seen in the last two years,101,"{'retweet_count': 1, 'reply_count': 1, 'like_count': 2, 'quote_count': 0}",Twitter for Android
303,"@SimplyStapha They be pulling this gimmick in basically every animated spiderman ever, they even manage a little bit of it in the Tom Holland movies, though nowhere near to the same extent",188,"{'retweet_count': 0, 'reply_count': 1, 'like_count': 4, 'quote_count': 0}",Twitter Web App
304,someone gameshare me the new spidermanüôè,39,"{'retweet_count': 0, 'reply_count': 1, 'like_count': 0, 'quote_count': 0}",Twitter Web App
305,@toka_qc @RinoTheBouncer @Naughty_Dog @PlayStation @GoldenJoysticks Tlou2 is better than spiderman even with raytracing,119,"{'retweet_count': 0, 'reply_count': 1, 'like_count': 2, 'quote_count': 0}",Twitter for Android
306,"Then he.. disappeared? But where to? There were no traces of where the needlemouse ran off to.. 

‚ùùCalm your tits, Spiderman.‚ùû

Out of the blue (sorry) a voice replying to that remark from earlier can be heard from behind the spider's back, stomping on something.. As if it was-",278,"{'retweet_count': 0, 'reply_count': 1, 'like_count': 1, 'quote_count': 0}",Twitter for Android
307,@gokurawt @hey_spiderman Don‚Äôt worry kingpins not that fast,59,"{'retweet_count': 0, 'reply_count': 0, 'like_count': 1, 'quote_count': 0}",Twitter for iPhone
308,"@RPlyr64 @pcgamer Why can spiderman get the only decent marvel video game?
A. Sony",82,"{'retweet_count': 0, 'reply_count': 1, 'like_count': 0, 'quote_count': 0}",Twitter Web App
309,"Best #BlackFriday #PS5 and #PlayStation Deals! üíÉüôå

It's a big one this year ! üò±üòç

@playstation

#gaming #gamer
#gamelover #marvel #spiderman
#ign #sony #PS2 #ps4 #PlayStation5 #games #gamedev #GameBlackFriday #Xbox #gamecollection #BuyBlack #CyberMonday #BlackFridayAmazon https://t.co/vcfSBCKm62",296,"{'retweet_count': 0, 'reply_count': 0, 'like_count': 0, 'quote_count': 0}",Twitter for Android
310,"Look what we put out just now!!!
#ghostrider
#thor
#spiderman
#cgc @ The HIVE Comics https://t.co/Wy8SNzUNrR",108,"{'retweet_count': 0, 'reply_count': 0, 'like_count': 0, 'quote_count': 0}",Instagram
311,Cash money for a picture of a lucid Spiderman!,46,"{'retweet_count': 0, 'reply_count': 0, 'like_count': 0, 'quote_count': 0}","Cheap Bots, Done Quick!"
312,@_sombreinternet @revengexstore Spiderman üëÄ #RevengexRegaleMoi,62,"{'retweet_count': 0, 'reply_count': 0, 'like_count': 0, 'quote_count': 0}",Twitter for iPhone
313,For anyone who hasn't gotten the game yet! @MarvelStudios #marvel #spiderman #theavengers #contentcreators #PlayStation5 https://t.co/i3WzcgW1Z8,144,"{'retweet_count': 0, 'reply_count': 0, 'like_count': 0, 'quote_count': 0}",Twitter for Android
314,"@yamada_marc @joniceguy @LmcTito - fifa 21                                                          - kingdom hearts || 
- naruto storm 4  
- spiderman ps4 (faut que je me prend  miles morales üòÇ)",195,"{'retweet_count': 0, 'reply_count': 0, 'like_count': 1, 'quote_count': 0}",Twitter for iPhone
315,"I don‚Äôt want an apartment, I don‚Äôt want money, I don‚Äôt want her, I want a PS5 so I can play spiderman. 

If I could choose to have that and then immediately die once I finished both games I‚Äôd be fine with that",209,"{'retweet_count': 0, 'reply_count': 0, 'like_count': 0, 'quote_count': 0}",Twitter for iPhone
316,@_sombreinternet @revengexstore #RevengexRegaleMoi Spiderman Miles Morales ! üôè,78,"{'retweet_count': 0, 'reply_count': 0, 'like_count': 0, 'quote_count': 0}",Twitter for iPhone
317,This Spiderman Miles Morales game plays like a movie. It‚Äôs interactive during cut scenes. There‚Äôs dialogue all the way thru. Not a typical beat em up and get to the next level,175,"{'retweet_count': 0, 'reply_count': 0, 'like_count': 0, 'quote_count': 0}",Twitter for iPhone
318,"Join me for my first PS5 stream! Playing the full Spiderman: Miles Morales story right now on YouTube! Platinum trophy incoming üòÜ

https://t.co/SHWN5jRNS2

#Spiderman #MilesMorales #PS5 #NewYork #live #stream #youtube #platinum #trophy #playstation #gaming",256,"{'retweet_count': 1, 'reply_count': 0, 'like_count': 1, 'quote_count': 0}",Twitter for Android
319,Spiderman bullied a child into death over liking Fortnite. REDDITOR ALERT,73,"{'retweet_count': 0, 'reply_count': 0, 'like_count': 0, 'quote_count': 0}","Cheap Bots, Done Quick!"
320,"Your Friendly Neighboud, Spiderman is here! #PS4share https://t.co/JerAfioABn",77,"{'retweet_count': 0, 'reply_count': 0, 'like_count': 2, 'quote_count': 0}",PlayStation¬ÆNetwork
321,@RyanAzadi_ @DaySleep_ @CashNastyGaming I agree. Spiderman is massive. There were rumors out there that Sony was trying to purchase early rights to gta 6. The only decent Microsoft exclusives are the forzas and that new game grounded.,234,"{'retweet_count': 0, 'reply_count': 1, 'like_count': 1, 'quote_count': 0}",Twitter for Android
322,Me and my flatmates were talking about politics for like half an hour and now they're talking about what Spiderman is better,124,"{'retweet_count': 0, 'reply_count': 1, 'like_count': 4, 'quote_count': 0}",Twitter Web App
323,The latest DallasView Daily! https://t.co/3gCxPbxTTN Thanks to @thatcarlymay @Tombaan66 @CultureMapDAL #spiderman,113,"{'retweet_count': 0, 'reply_count': 0, 'like_count': 0, 'quote_count': 0}",Paper.li
324,@RexChapman Everybody wants to be spiderman but nobody wants to get bitten.,75,"{'retweet_count': 0, 'reply_count': 0, 'like_count': 0, 'quote_count': 0}",Twitter for Android
325,@queensavagedoll Spiderman pose,31,"{'retweet_count': 0, 'reply_count': 0, 'like_count': 0, 'quote_count': 0}",Twitter for Android
326,Spiderman (2018) makes me cry during the cut scene after the final fight when Peter is talking with Octavius,108,"{'retweet_count': 0, 'reply_count': 1, 'like_count': 0, 'quote_count': 0}",Twitter for Android
327,"@alldredge_corey @duk_foo @Dealer_Gaming Tell me do you not watch spiderman do a bunch of stupid shit while you hit the onscreen buttons? Tell me do you not do the same shit in uncharted, god of war, tlou? Yes the fuck you do. You don't do that shit on every Xbox exclusive. Your games are alike.",296,"{'retweet_count': 0, 'reply_count': 1, 'like_count': 0, 'quote_count': 0}",Twitter Web App
328,Spiderman Homecoming https://t.co/oKcwdHj8CJ,44,"{'retweet_count': 0, 'reply_count': 0, 'like_count': 2, 'quote_count': 0}",Twitter for Android
329,@Yanko67332011 @Jonat2Go @ControlRemedy To be fair with spiderman control and black ops nobody is forcing you to go for the upgrade. Its only 20 bucks rn anyway so id say its a good deal,186,"{'retweet_count': 0, 'reply_count': 1, 'like_count': 0, 'quote_count': 0}",Twitter for Android
330,Friendly Neighbourhood SpiderMan #PS4 #PS4share #VirtualPhotography @insomniacgames https://t.co/zgBHL3xrj6,107,"{'retweet_count': 0, 'reply_count': 0, 'like_count': 1, 'quote_count': 0}",Twitter for Android
331,"This is a long one but- Iron Man would be a fox, Black Widow would be a great shark, Spiderman would be an actual Chihuahua, Hulk would be a owl, and I know there's more but I'm out of brain power. https://t.co/w55K7SGK9u",221,"{'retweet_count': 0, 'reply_count': 0, 'like_count': 1, 'quote_count': 1}",Twitter for Android
332,Give the gift of #Spiderman this year with some of these #marvelous collectibles from #Hasbro and @OriginalFunko https://t.co/gGSNvSD1jL,136,"{'retweet_count': 1, 'reply_count': 0, 'like_count': 3, 'quote_count': 0}",Buffer
333,@gokurawt @hey_spiderman Can I buy some time for you? I'll shoot a pyro ball right at his butt!,95,"{'retweet_count': 0, 'reply_count': 0, 'like_count': 1, 'quote_count': 0}",Twitter Web App
334,@NinZP7 Spiderman 3,19,"{'retweet_count': 0, 'reply_count': 0, 'like_count': 0, 'quote_count': 0}",Twitter Web App
335,"@DeputyRustArt That's the main issue with Spiderman and his villians in the MCU, which it's made me worried what the third movie will do with Electro.",150,"{'retweet_count': 0, 'reply_count': 0, 'like_count': 0, 'quote_count': 0}",Twitter for Android
336,@NinZP7 Spiderman 2,19,"{'retweet_count': 0, 'reply_count': 0, 'like_count': 0, 'quote_count': 0}",Twitter Web App
337,@_sombreinternet @revengexstore @_sombreinternet @revengexstore #RevengexRegaleMoi Spiderman Miles Morales üå≤üéÅ,109,"{'retweet_count': 0, 'reply_count': 0, 'like_count': 0, 'quote_count': 0}",Twitter for iPhone
338,I hate how I‚Äôm literally going to be watching Spiderman while I get this needle because Tom Holland is beautiful and I need peace,129,"{'retweet_count': 0, 'reply_count': 0, 'like_count': 1, 'quote_count': 0}",Twitter for iPhone
339,"Shazam! showed more heart, meaning, promise, laughs than Spiderman. https://t.co/uWCsuv2Cio",91,"{'retweet_count': 0, 'reply_count': 0, 'like_count': 3, 'quote_count': 0}",Twitter Web App
340,"@ITalkFortnite @FortniteGame Though I don't want them to come back right away as I can't get them right now, but later down the line. I'm also still hopeful we're get spiderman some time. As well as Punisher, Doctor Strange, Banner/Hulk &amp; some others I can't remember right now.",282,"{'retweet_count': 0, 'reply_count': 1, 'like_count': 2, 'quote_count': 0}",Twitter for Android
341,"@alldredge_corey @duk_foo @Dealer_Gaming Lmao can't believe you don't understand what alike means... You're telling me you don't watch fucking cutscenes and follow on screen buttons in god of war, uncharted, tlou, and spiderman? Denial is strong",245,"{'retweet_count': 0, 'reply_count': 0, 'like_count': 0, 'quote_count': 0}",Twitter Web App
342,@Yoherson_deleon @duk_foo @Dealer_Gaming And Spider-Man is literally fucking spiderman.. an open world spiderman game.. but its the same as tlou2...   you don't know what ur talking about,187,"{'retweet_count': 0, 'reply_count': 3, 'like_count': 1, 'quote_count': 0}",Twitter Web App
343,"Parker, if you don't get me pictures of Spiderman's elbow, you're fired!",72,"{'retweet_count': 0, 'reply_count': 0, 'like_count': 0, 'quote_count': 0}","Cheap Bots, Done Quick!"
344,@IGN one has demons souls and spiderman,39,"{'retweet_count': 0, 'reply_count': 0, 'like_count': 0, 'quote_count': 0}",Twitter for iPhone
345,@_sombreinternet @revengexstore #RevengexRegaleMoi Spiderman direct üòçü•∞,70,"{'retweet_count': 0, 'reply_count': 0, 'like_count': 0, 'quote_count': 0}",Twitter for iPhone
346,Spiderman playing at work is what I need,40,"{'retweet_count': 0, 'reply_count': 0, 'like_count': 0, 'quote_count': 0}",Twitter for Android
347,"i got: spiderman: far from home

reply to this tweet with an emoji and i‚Äôll tell you a marvel movie to choose your favorite characters from https://t.co/T7fbNYarsm https://t.co/9U7O4yx1N0",187,"{'retweet_count': 0, 'reply_count': 0, 'like_count': 2, 'quote_count': 0}",Twitter for Android
348,New Spiderman game is fireeeeeeee,33,"{'retweet_count': 0, 'reply_count': 0, 'like_count': 1, 'quote_count': 0}",Twitter for iPhone
349,@AlexanderNewall Spiderman,26,"{'retweet_count': 0, 'reply_count': 0, 'like_count': 0, 'quote_count': 0}",Twitter Web App
350,@Yoherson_deleon @duk_foo @Dealer_Gaming So you don't know shit about ps psn psnow psplus or ps exclusives.  You don't know what is better. You only play on console and pretend to know.  Ur exposed fuck outta here.   My psn is kingcorey.  My xbl is kingcoreyxb1. Tlou2 and spiderman are the same? üòÑ ü§£  fuckin fanboy.. https://t.co/YNvgSbiEnz,341,"{'retweet_count': 0, 'reply_count': 1, 'like_count': 0, 'quote_count': 0}",Twitter Web App
351,Fuck the spiderman ps4 drone challenges. The extreme speed and precision demanded just doesn't gel with the controlls that are more geared for pure messy speed,159,"{'retweet_count': 0, 'reply_count': 1, 'like_count': 0, 'quote_count': 0}",Twitter for Android
352,Spiderman miles. The last of us. https://t.co/2dmOZwT6YD,56,"{'retweet_count': 0, 'reply_count': 1, 'like_count': 1, 'quote_count': 0}",Twitter for Android
353,"@BlessedSouthpaw I give Spiderman 2: 0 Pizza Times out of 10.
Not metaphorical enough.

Also, why the fuck did Doc think it was a good idea to throw a fucking car at the One person he needed to find Spiderman?!
Doc Ock is a very dumb villain.",242,"{'retweet_count': 0, 'reply_count': 0, 'like_count': 1, 'quote_count': 0}",Twitter for Android
354,@fzphobias ok spiderman,23,"{'retweet_count': 0, 'reply_count': 1, 'like_count': 0, 'quote_count': 0}",Twitter for iPhone
355,"@shitxtbsl ant man 2
avengers 3 (infinity war)
avengers 4 (endgame)
spiderman 2",79,"{'retweet_count': 0, 'reply_count': 0, 'like_count': 0, 'quote_count': 0}",Twitter for iPhone
356,"Rock Lee vs Gaara
Steph Curry Highlights
Chris Smoove
Smosh
People Are Awesome 2014
Wet Dreamz lyrics
Ninja Turtles trailer
Space Jam song
amazing spiderman full movie
How to play drums
How to date girls in 6th grade
King Bach Vine Compilation
girls kissing
How to make money GTA5 https://t.co/VG9gBJglW8",304,"{'retweet_count': 0, 'reply_count': 0, 'like_count': 0, 'quote_count': 0}",Twitter for iPhone
357,"Hey this is actually inaccurate and Realasysk changed what the article actually said

Remember that when you do this to articles, you are attacking an author and creating slander. The original article had NOTHING to do with Race.

https://t.co/Y23jUCCdaZ https://t.co/SrX17HtsIq",278,"{'retweet_count': 1, 'reply_count': 2, 'like_count': 2, 'quote_count': 0}",Twitter Web App
358,spiderman 2 https://t.co/EHbXuQKcZQ,35,"{'retweet_count': 0, 'reply_count': 0, 'like_count': 0, 'quote_count': 0}",Twitter Web App
359,"How many characters are in this movie?!?!
#SpiderMan #SpiderVerse https://t.co/J2IfVdcqO5",89,"{'retweet_count': 0, 'reply_count': 0, 'like_count': 0, 'quote_count': 0}",Twitter for Android
360,"@DeputyRustArt i get why everything has to be connected, but it does take away from the spiderman aspect. dr.strange is going to be peter's new mentor. 

i think peter should be his own hero at this point. after far from home and tony's death, he should finally become his own spiderman.",287,"{'retweet_count': 0, 'reply_count': 0, 'like_count': 0, 'quote_count': 0}",Twitter Web App
361,Spiderman and the The Flash are tied for ‚Äúniggas who get shafted in their own movies.‚Äù https://t.co/D1UUjQ729l,110,"{'retweet_count': 0, 'reply_count': 1, 'like_count': 1, 'quote_count': 0}",Twitter for iPhone
362,Guys what if I streamed spiderman 2 the movie game for pc????? #twitch #onlyfans #nudes #nsfw #sexymofo,103,"{'retweet_count': 0, 'reply_count': 0, 'like_count': 0, 'quote_count': 0}",Twitter for Android
363,@Martinez5832 It‚Äôs not https://t.co/gXJZPYwclJ,46,"{'retweet_count': 0, 'reply_count': 0, 'like_count': 0, 'quote_count': 0}",Twitter for iPhone
364,"@DrawzDia Playing the new spiderman and just trying not to stress over school, but you know me",94,"{'retweet_count': 0, 'reply_count': 1, 'like_count': 2, 'quote_count': 0}",Twitter for Android
365,"Next time, Parker, make the picture of Spiderman looking suspicious in an aerary halfway decent!",96,"{'retweet_count': 0, 'reply_count': 0, 'like_count': 0, 'quote_count': 0}","Cheap Bots, Done Quick!"
366,Late to the party but loving #SpiderMan for PS4! First mission complete #PS4share https://t.co/fi1b3fJfg6,105,"{'retweet_count': 0, 'reply_count': 3, 'like_count': 27, 'quote_count': 0}",PlayStation¬ÆNetwork
367,Why haven't I seen any actually gameplay just this one commercial but I've seen half of the spiderman game already https://t.co/ZA0YeUk7Ru,138,"{'retweet_count': 0, 'reply_count': 0, 'like_count': 0, 'quote_count': 0}",Twitter for Android
368,@Xbox Spiderman 3 https://t.co/a7JB2DU4mW,41,"{'retweet_count': 0, 'reply_count': 0, 'like_count': 0, 'quote_count': 0}",Twitter for Android
369,"And finished! Awesome game! #MilesMorales is just the better #Spiderman 

The soundtrack is soooo good. #SpiderManMilesMorales #PS5 #PlayStation5 https://t.co/8v64THKZoF",169,"{'retweet_count': 1, 'reply_count': 0, 'like_count': 1, 'quote_count': 0}",Twitter for iPhone
370,@SoybeanVEVO Spiderman :'(,26,"{'retweet_count': 0, 'reply_count': 0, 'like_count': 1, 'quote_count': 0}",Twitter for iPhone
371,@donavynlms It‚Äôs photoshopped https://t.co/gXJZPYwclJ,53,"{'retweet_count': 0, 'reply_count': 0, 'like_count': 0, 'quote_count': 0}",Twitter for iPhone
372,SPIDERMAN: MILES MORALES! PS5 Gameplay https://t.co/SRPYlzHElC,62,"{'retweet_count': 0, 'reply_count': 0, 'like_count': 0, 'quote_count': 0}",Streamlabs Twitter
373,"Stop spreading misinformation, or rather I should say DISINFORMATION due to the fact that you are purposefully trying to mislead your audience and ruin the reputation of a ScreenRant writer https://t.co/gXJZPYwclJ https://t.co/xnGTTFvygF",237,"{'retweet_count': 0, 'reply_count': 0, 'like_count': 1, 'quote_count': 0}",Twitter for iPhone
374,@MrTobler SPIDER VERSE IS THE BEST SPIDERMAN MOVIE,50,"{'retweet_count': 0, 'reply_count': 1, 'like_count': 1, 'quote_count': 0}",Twitter Web App
375,"Check out the new Venom-Man taking on Rhino with his Venom Powers! VENOM!

Full video: https://t.co/N1jgKeoMEB

#Spiderman #SpiderManMilesMorales #SpiderManPS5 #PS5 #PlayStation5 #gaming #gaminglife #gamer #GamersUnite https://t.co/NrgS93M45x",242,"{'retweet_count': 0, 'reply_count': 0, 'like_count': 2, 'quote_count': 0}",Twitter Web App
376,spiderman PS4 is an amazing game,32,"{'retweet_count': 0, 'reply_count': 0, 'like_count': 0, 'quote_count': 0}",Twitter for iPhone
377,This new Spiderman go CRAZYYY,29,"{'retweet_count': 0, 'reply_count': 0, 'like_count': 2, 'quote_count': 0}",Twitter for iPhone
378,"@JayExci I mean oddly enough it's barely a spiderman series. It's highly influential in the Tokusatsu genre, but the only thing it's got in common with other versions of spiderman is the costume tbh.",199,"{'retweet_count': 0, 'reply_count': 0, 'like_count': 0, 'quote_count': 0}",Twitter for Android
379,@elijahhwade @CashNastyGaming but they gone be happy w their next gen while im sitting here watching flight play spiderman and shit.,132,"{'retweet_count': 0, 'reply_count': 0, 'like_count': 1, 'quote_count': 0}",Twitter Web App
380,@jamie_united Ahhhh right I get it sometimes on spiderman as well but not as often,82,"{'retweet_count': 0, 'reply_count': 0, 'like_count': 0, 'quote_count': 0}",Twitter for Android
381,@ventiddy SPIDERMAN DICK IM GOING TO CRY,40,"{'retweet_count': 0, 'reply_count': 0, 'like_count': 0, 'quote_count': 0}",Twitter for iPhone
382,@FortniteGame SPIDERMAN üòé,25,"{'retweet_count': 0, 'reply_count': 0, 'like_count': 0, 'quote_count': 0}",Twitter Web App
383,@simpfordan spiderman https://t.co/yGgm2iewCg,45,"{'retweet_count': 0, 'reply_count': 0, 'like_count': 0, 'quote_count': 0}",Twitter for iPhone
384,I salute you #SpiderMan #PS4share https://t.co/LbZQ3BV3Rs,57,"{'retweet_count': 0, 'reply_count': 0, 'like_count': 2, 'quote_count': 0}",PlayStation¬ÆNetwork
385,prints de spiderman 2 #PS4share https://t.co/yEYAGkePim,55,"{'retweet_count': 0, 'reply_count': 0, 'like_count': 1, 'quote_count': 0}",PlayStation¬ÆNetwork
386,"@AskPlayStation My PS5 started crashing during the first cutscene of Spiderman MM and then it started crashing during COD Cold War. 

I contacted customer support and was told it was not an issue with the PS5 and that I need a new TV. 

Is that all the help I can get here?",273,"{'retweet_count': 0, 'reply_count': 0, 'like_count': 1, 'quote_count': 0}",Twitter Web App
387,Check out 2000 December #147 #GAMEPRO Magazine #FinalFantasyIX #Spiderman Comic Book #PS2  https://t.co/M5A5by036q via @eBay #Videogames,136,"{'retweet_count': 0, 'reply_count': 0, 'like_count': 0, 'quote_count': 0}",Twitter Web App
388,@ShadySpidey @MSM_Access This was never brought up tbh. He should know he‚Äôs spiderman but never confirmed it.,109,"{'retweet_count': 0, 'reply_count': 0, 'like_count': 0, 'quote_count': 0}",Twitter for iPhone
389,"Red Dead 1 and 2, Bioshock (all of them), Last of Us, God of War, Spiderman, Halo 4 where Cortana dies, Gears of War 3. https://t.co/pOOAaleQso",143,"{'retweet_count': 0, 'reply_count': 0, 'like_count': 1, 'quote_count': 0}",Twitter for Android
390,@howiemandel HOWIE HELP ME I SAW THIS SPIDERMAN BIDEO IM SCARED,63,"{'retweet_count': 0, 'reply_count': 0, 'like_count': 0, 'quote_count': 0}",Twitter for iPhone
391,@TheSphereHunter Spiderman: Gwen Stacy needs to happen. Then the final game will have all 3 playable. Id also love to have my physical versions all sitting next to each other,174,"{'retweet_count': 0, 'reply_count': 0, 'like_count': 0, 'quote_count': 0}",Twitter for Android
392,@ChaosSpreads97 Spiderman,25,"{'retweet_count': 0, 'reply_count': 1, 'like_count': 1, 'quote_count': 0}",Twitter for Android
393,@AETHERB0T SPIDERMAN WHAT,25,"{'retweet_count': 0, 'reply_count': 1, 'like_count': 0, 'quote_count': 0}",Twitter for Android
394,@insomniacgames I'd really love to play Spiderman Remastered on my ps5 but it crashes after the Sony Interactive logo at startup,128,"{'retweet_count': 0, 'reply_count': 1, 'like_count': 0, 'quote_count': 0}",Twitter for iPhone
395,"// tw slur in op
:
:
:
Stop spreading misinformation, you‚Äôre ruining the writer‚Äôs reputation https://t.co/fhdHwYFPwY https://t.co/k2M0GEEXeW",140,"{'retweet_count': 0, 'reply_count': 0, 'like_count': 1, 'quote_count': 0}",Twitter for iPhone
396,please just give my bf his spiderman skin... https://t.co/NvJ4jW0jDw,68,"{'retweet_count': 1, 'reply_count': 1, 'like_count': 2, 'quote_count': 0}",Twitter for iPhone
397,It‚Äôs been a while since I‚Äôve taken any pictures and I wanted to see how this hoodie looked on me before I send it back. Always gotta represent üï∑ #Spider-Man #spiderman #milesmorales  #marvel https://t.co/RBneeM3Blu,214,"{'retweet_count': 0, 'reply_count': 0, 'like_count': 1, 'quote_count': 0}",Twitter for iPhone
398,King Pin from Spiderman #PS4share https://t.co/p6SOYHGsQS,57,"{'retweet_count': 0, 'reply_count': 0, 'like_count': 0, 'quote_count': 0}",PlayStation¬ÆNetwork
